01-00-00-00-0000,Total Assets,اجمالي الاصوال,Group,B/S,Debit,Assets,
01-01-00-00-0000,Total Current Assets,اجمالي الاصول المتداولة,Group,B/S,Debit,Assets,Total Assets
01-01-01-00-0000,Total Cash and Cash Equivalents,اجمالي النقد وما في حكمه,Group,B/S,Debit,Assets,Total Current Assets
01-01-01-01-0000,Total Bank Accounts,اجمالي البنوك,Group,B/S,Debit,Assets,Total Cash and Cash Equivalents
01-01-01-01-0001,Networks of Retaj Company,حـ/ الشبكات شركة رتاج,Ledger,B/S,Debit,Assets,Total Bank Accounts
01-01-01-01-0002,Alinma Bank - Retaj 68201498351000,شركة رتاج الصحة مصرف الانماء 68201498351000,Ledger,B/S,Debit,Assets,Total Bank Accounts
01-01-01-02-0000,Total Collection Boxes,اجمالي النقد بالصناديق,Group,B/S,Debit,Assets,Total Bank Accounts
01-01-01-02-0001,Cash in funds - Retaj Headquarters,النقد بالصناديق - رتاج المركز الرئيسى,Ledger,B/S,Debit,Assets,Total Collection Boxes
01-01-01-02-0002,Cash in Funds - Mamlakat Al Elaj (Al-Othaim),النقد بالصناديق - رتاج صيدلية مملكة العلاج (العثيم ),Ledger,B/S,Debit,Assets,Total Collection Boxes
01-01-01-02-0003,Cash in Funds - Sama PH (Salit Aldawa),النقد بالصناديق - رتاج صيدلية سماء ( سلة الدواء),Ledger,B/S,Debit,Assets,Total Collection Boxes
01-01-01-02-0004,Cash in Funds - Retaj Pharmacy 4,النقد بالصناديق - رتاج صيدلية 4,Ledger,B/S,Debit,Assets,Total Collection Boxes
01-01-01-02-0005,Cash in Funds - Retaj PH ( Wasaft Altab 10 ),النقد بالصناديق - رتاج ص وصفات الطب 10,Ledger,B/S,Debit,Assets,Total Collection Boxes
01-01-01-02-0006,Cash in funds - Abad PH 1,النقد بالصناديق صيدلية ابعاد 1,Ledger,B/S,Debit,Assets,Total Collection Boxes
01-01-01-02-0007,Cash in funds - Retaj Al-Dawaa PH,النقد بالصناديق - صيدلية رتاج الدواء,Ledger,B/S,Debit,Assets,Total Collection Boxes
01-01-01-02-0008,Cash in funds - Retaj PH 1,النقد بالصناديق صيدلية رتاج الصحة 1,Ledger,B/S,Debit,Assets,Total Collection Boxes
01-01-01-03-0000,Total Personal Petty Cash,اجمالي العهدة المالية الشخصية,Group,B/S,Debit,Assets,Total Cash and Cash Equivalents
01-01-01-03-0001,Petty Cash - Magdi El Adl,عهدة نقدية مجدي العدل,Ledger,B/S,Debit,Assets,Total Personal Petty Cash
01-01-01-03-0002,Petty Cash - Ahmed Ghorab,عهدة نقدية احمد غراب,Ledger,B/S,Debit,Assets,Total Personal Petty Cash
01-01-01-03-0003,Petty Cash - Ahmed Seif,عهدة احمد سيف - خزينة رتاج الصحة,Ledger,B/S,Debit,Assets,Total Personal Petty Cash
01-01-01-04-0000,Total Pharmacies Petty Cash,اجمالي العهدة المالية للصيدليات,Group,B/S,Debit,Assets,Total Cash and Cash Equivalents
01-01-01-04-0001,Petty cash - Mamlaket Al Elaj 21 (Alotham),العهد النقدية - شركة رتاج صيدلية مملكة العلاج 21 (العثيم ),Ledger,B/S,Debit,Assets,Total Pharmacies Petty Cash
01-01-01-04-0002,Petty cash - Sama PH (Salit Aldawa),العهد النقدية - شركة رتاج صيدلية سماء (سلة الدواء),Ledger,B/S,Debit,Assets,Total Pharmacies Petty Cash
01-01-01-04-0003,Petty cash - Retaj Pharmacy 4,العهد النقدية - شركة رتاج صيدلية وصفات 4,Ledger,B/S,Debit,Assets,Total Pharmacies Petty Cash
01-01-01-04-0004,Petty cash - Retaj PH ( Wasaft Altab 10 ),العهد النقدية - صيدلية شركة رتاج صيدلية وصفات الطب 10,Ledger,B/S,Debit,Assets,Total Pharmacies Petty Cash
01-01-01-04-0005,Petty cash - Retaj Al-Dawaa PH,عهدة نقدية - صيدلية رتاج الدواء,Ledger,B/S,Debit,Assets,Total Pharmacies Petty Cash
01-01-01-05-0000,Total Money Market Funds,اجمالي صناديق سوق المال,Group,B/S,Debit,Assets,Total Cash and Cash Equivalents
01-01-01-05-0001,Investment 1,الاستثمار 1,Ledger,B/S,Debit,Assets,Total Money Market Funds
01-01-01-05-0002,Investment 2,الاستثمار 2,Ledger,B/S,Debit,Assets,Total Money Market Funds
01-01-02-00-0000,Total Account Receivable,اجمالي العملاء ( الذمم المدينة ),Group,B/S,Debit,Assets,Total Current Assets
01-01-02-00-0001,Account Receivable,الذمم التجارية - عملاء رتاج,Ledger,B/S,Debit,Assets,Total Money Market Funds
01-01-03-00-0000,Total Note Receivable,اجمالي السندات المستحقة القبض,Group,B/S,Debit,Assets,Total Current Assets
01-01-03-00-0001,Note Receivable 1,سند قبض 1,Ledger,B/S,Debit,Assets,Total Money Market Funds
01-01-04-00-0000,Total Inventory,اجمالي المخزون,Group,B/S,Debit,Assets,Total Current Assets
01-01-04-01-0000,Total of Warehouses Inventory,اجمالي مخزون المستودع,Group,B/S,Debit,Assets,Total Inventory
01-01-04-01-0001,Main warehouse inventory ( Sulay ),مخزون المستودع الرئسيى بالسلى,Ledger,B/S,Debit,Assets,Total of Warehouses Inventory
01-01-04-01-0002,Main warehouse inventory 2,مخزون مستودع الرئيسي 2,Ledger,B/S,Debit,Assets,Total of Warehouses Inventory
01-01-04-02-0000,Total of Pharmacies Inventory,اجمالي مخزون الصيدليات,Group,B/S,Debit,Assets,Total Inventory
01-01-04-02-0001,Pharmacies Inventory - Mamlakat Al Elaj (Al-Othaim),مخزون صيدلية مملكة العلاج 21 (العثيم),Ledger,B/S,Debit,Assets,Total of Pharmacies Inventory
01-01-04-02-0002,Pharmacies Inventory - Sama PH (Salit Aldawa),مخزون صيدلية سماء (سلة الدواء) رتاج,Ledger,B/S,Debit,Assets,Total of Pharmacies Inventory
01-01-04-02-0003,Pharmacies Inventory - Retaj Pharmacy 4,مخزون صيدلية وصفات 4 رتاج,Ledger,B/S,Debit,Assets,Total of Pharmacies Inventory
01-01-04-02-0004,Pharmacies Inventory - Retaj PH ( Wasaft Altab 10 ),مخزون ص وصفات الطب 10 رتاج,Ledger,B/S,Debit,Assets,Total of Pharmacies Inventory
01-01-04-02-0005,Pharmacies Inventory - Abad PH 1,مخزون - صيدلية ابعاد الصحة 1,Ledger,B/S,Debit,Assets,Total of Pharmacies Inventory
01-01-04-02-0006,Pharmacies Inventory - Retaj Al-Dawaa PH,مخزون الصيدليات - صيدلية رتاج الدواء,Ledger,B/S,Debit,Assets,Total of Pharmacies Inventory
01-01-04-02-0007,Pharmacies Inventory - Retaj PH 1,مخزون الصيدليات - صيدلية رتاج الصحة 1,Ledger,B/S,Debit,Assets,Total of Pharmacies Inventory
01-01-04-03-0000,Total of Good in Transit,اجمالي مخزون الصيدليات,Group,B/S,Debit,Assets,Total Inventory
01-01-04-03-0001,Goods in transit,بضاعة بالطريق,Ledger,B/S,Debit,Assets,Total of Good in Transit
01-01-05-00-0000,Total Prepaid Expenses,اجمالي المصاريف المقدمة,Group,B/S,Debit,Assets,Total Current Assets
01-01-05-01-0000,Total Prepaid Exp. - Rent,اجمالي مصاريف الايجار المقدمة,Group,B/S,Debit,Assets,Total Prepaid Expenses
01-01-05-01-0001,Prepaid expenses - Rent ( Mamlakat Al Elaj (Al-Othaim) ),ايجار مقدم رتاج -صيدلية مملكة العلاج (العثيم سابقا),Ledger,B/S,Debit,Assets,Total Prepaid Exp. - Rent
01-01-05-01-0002,Prepaid expenses - Rent ( Salit Aldawa ),ايجار مقدم رتاج صيدلية سلة الدواء,Ledger,B/S,Debit,Assets,Total Prepaid Exp. - Rent
01-01-05-01-0003,Prepaid expenses - Rent ( Wasaft 10 ),ايجار مقدم رتاج صيدلية وصفات 10,Ledger,B/S,Debit,Assets,Total Prepaid Exp. - Rent
01-01-05-01-0004,Prepaid expenses - Rent ( Wasaftat 4 ),ايجار مقدم رتاج صيدلية وصفات 4,Ledger,B/S,Debit,Assets,Total Prepaid Exp. - Rent
01-01-05-01-0005,Prepaid expenses - Rent ( Apartment for warehouse staff ),ايجارات مدفوعة مقدما - رتاج - شقه موظفين المستودع - المزيد,Ledger,B/S,Debit,Assets,Total Prepaid Exp. - Rent
01-01-05-01-0006,Prepaid expenses - Rent ( Retaj Warehouse Al-Hair ),ايجارات مدفوعة مقدما - مستودع رتاج _ الحائر ),Ledger,B/S,Debit,Assets,Total Prepaid Exp. - Rent
01-01-05-01-0007,Prepaid expenses - Rent ( Alawlia office ),ايجارات مدفوعه مقدما - مكتب العليا,Ledger,B/S,Debit,Assets,Total Prepaid Exp. - Rent
01-01-05-01-0008,Prepaid expenses - Rent ( Abaad 1 ),ايجارات مدفوعة مقدما صيدلية ابعاد 1,Ledger,B/S,Debit,Assets,Total Prepaid Exp. - Rent
01-01-05-01-0009,Prepaid expenses - Rent ( Retaj Al Dawaa Ph ),ايجار مدفوع مقدما - صيدلية رتاج الدواء,Ledger,B/S,Debit,Assets,Total Prepaid Exp. - Rent
01-01-05-02-0000,Total Prepaid Ex - Medical Insurance,اجمالي مصاريف مقدمة - التامين الطبي,Group,B/S,Debit,Assets,Total Prepaid Expenses
01-01-05-02-0001,Prepaid Ex - Medical Insurance 1,مصاريف مقدمة - تامين طبي 1,Ledger,B/S,Debit,Assets,Total Prepaid Ex - Medical Insurance
01-01-05-02-0002,Prepaid Ex - Medical Insurance 2,مصاريف مقدمة - تامين طبي 2,Ledger,B/S,Debit,Assets,Total Prepaid Ex - Medical Insurance
01-01-05-03-0000,Total Prepaid Exp - General Insurance,اجمالي مصاريف مقدمة - التامين العام,Group,B/S,Debit,Assets,Total Prepaid Expenses
01-01-05-03-0001,Prepaid Exp - General Insurance 1,مصاريف مقدمة - التامين العام 1,Ledger,B/S,Debit,Assets,Total Prepaid Exp - General Insurance
01-01-05-03-0002,Prepaid Exp - General Insurance 2,مصاريف مقدمة - التامين العام 2,Ledger,B/S,Debit,Assets,Total Prepaid Exp - General Insurance
01-01-07-00-0000,Total Other Current asset,اجمالي الاصول المتداولة الاخرى,Group,B/S,Debit,Assets,Total Current Assets
01-01-07-01-0000,Total Employee loans,اجمالي سلف الموظفين,Group,B/S,Debit,Assets,Total Other Current asset
01-01-07-01-0001,Employees Loan - Employee 1,سلف الموظفين - موظف 1,Ledger,B/S,Debit,Assets,Total Employee loans
01-01-07-01-0002,Employees Loan - Employee 2,سلف الموظفين - موظف 2,Ledger,B/S,Debit,Assets,Total Employee loans
01-01-07-01-0003,Employees Loan - Employee 3,سلف الموظفين - موظف 3,Ledger,B/S,Debit,Assets,Total Employee loans
01-01-07-01-0004,Employees Loan - Employee 4,سلف الموظفين - موظف 4,Ledger,B/S,Debit,Assets,Total Employee loans
01-01-07-01-0005,Employees Loan - Employee 5,سلف الموظفين - موظف 5,Ledger,B/S,Debit,Assets,Total Employee loans
01-01-07-01-0006,Employees Loan - Employee 6,سلف الموظفين - موظف 6,Ledger,B/S,Debit,Assets,Total Employee loans
01-01-07-01-0007,Employees Loan - Employee 7,سلف الموظفين - موظف 7,Ledger,B/S,Debit,Assets,Total Employee loans
01-01-07-01-0008,Employees Loan - Employee 8,سلف الموظفين - موظف 8,Ledger,B/S,Debit,Assets,Total Employee loans
01-01-07-01-0009,Employees Loan - Employee 9,سلف الموظفين - موظف 9,Ledger,B/S,Debit,Assets,Total Employee loans
01-01-07-01-0010,Employees Loan - Employee 10,سلف الموظفين - موظف 10,Ledger,B/S,Debit,Assets,Total Employee loans
01-01-07-02-0000,Total Employee Advance Housing,اجمالي بدل سكن مقدم,Group,B/S,Debit,Assets,Total Other Current asset
01-01-07-02-0001,Advance Housing - Employee 1,بدل سكن مقدم - موظف 1,Ledger,B/S,Debit,Assets,Total Employee Advance Housing
01-01-07-02-0002,Advance Housing - Employee 2,بدل سكن مقدم - موظف 2,Ledger,B/S,Debit,Assets,Total Employee Advance Housing
01-01-07-02-0003,Advance Housing - Employee 3,بدل سكن مقدم - موظف 3,Ledger,B/S,Debit,Assets,Total Employee Advance Housing
01-01-07-02-0004,Advance Housing - Employee 4,بدل سكن مقدم - موظف 4,Ledger,B/S,Debit,Assets,Total Employee Advance Housing
01-01-07-02-0005,Advance Housing - Employee 5,بدل سكن مقدم - موظف 5,Ledger,B/S,Debit,Assets,Total Employee Advance Housing
01-01-07-02-0006,Advance Housing - Employee 6,بدل سكن مقدم - موظف 6,Ledger,B/S,Debit,Assets,Total Employee Advance Housing
01-01-07-02-0007,Advance Housing - Employee 7,بدل سكن مقدم - موظف 7,Ledger,B/S,Debit,Assets,Total Employee Advance Housing
01-01-07-02-0008,Advance Housing - Employee 8,بدل سكن مقدم - موظف 8,Ledger,B/S,Debit,Assets,Total Employee Advance Housing
01-01-07-02-0009,Advance Housing - Employee 9,بدل سكن مقدم - موظف 9,Ledger,B/S,Debit,Assets,Total Employee Advance Housing
01-01-07-02-0010,Advance Housing - Employee 10,بدل سكن مقدم - موظف 10,Ledger,B/S,Debit,Assets,Total Employee Advance Housing
01-01-07-03-0000,Total Advances To Suppliers,اجمالي دفعات مقدمة للموردين,Group,B/S,Debit,Assets,Total Other Current asset
01-01-07-03-0001,Advances To Suppliers,دفعات مقدمة للموردين,Ledger,B/S,Debit,Assets,Total Advances To Suppliers
01-01-07-04-0000,Total LC's Cash Margin,اجمالي اعتمادات مستندية - تامين نقدي,Group,B/S,Debit,Assets,Total Other Current asset
01-01-07-04-0001,LC's Cash Margin Riyad,اعتمادات مستندية - تامين نقدي - بنك الرياص,Ledger,B/S,Debit,Assets,Total LC's Cash Margin
01-01-07-04-0002,LC's Cash Margin Al-Ahli,اعتمادات مستندية - تامين نقدي - البنك الاهلي,Ledger,B/S,Debit,Assets,Total LC's Cash Margin
01-01-07-05-0000,Total LG's,اجمالي خطابات ضمان - تامين نقدي,Group,B/S,Debit,Assets,Total Other Current asset
01-01-07-05-0001,LG's Bank ............,خطابات ضمان - تامين نقدي,Ledger,B/S,Debit,Assets,Total LG's
01-01-07-06-0000,Total Claims of Other Receivable,اجمالي مطالبات الذمم المدينة الاخرى,Group,B/S,Debit,Assets,Total Other Current asset
01-01-07-06-0001,VAT on Purchases,ضريبة القيمة المضافة على المشتريات,Ledger,B/S,Debit,Assets,Total Claims of Other Receivable
01-01-07-07-0000,Total Other Debiters,اجمالي مدينون اخرون,Group,B/S,Debit,Assets,Total Other Current asset
01-01-07-07-0001,Other Debiters - Adwaa Al-Wafi Company,مدينون اخرون - شركة اضواء الوافي,Ledger,B/S,Debit,Assets,Total Other Debiters
01-01-07-07-0002,Other Debiters - Adwaa Al-Wafi Company,مدينون اخرون - شركة اضواء الوافي,Ledger,B/S,Debit,Assets,Total Other Debiters
01-01-07-07-0003,Other Debiters - Al-Fader Warehouse,مدينون اخرون - مستودع الفادر,Ledger,B/S,Debit,Assets,Total Other Debiters
01-01-07-07-0004,Other Debiters - Establishment of Abaad Pharmacies,مدينون اخرون - تاسيس صيدليات ابعاد,Ledger,B/S,Debit,Assets,Total Other Debiters
01-01-08-00-0000,Total Intercompany Receivable,اجمالي ذمم مدينة اطراف ذات علاقة,Group,B/S,Debit,Assets,Total Current Assets
01-01-08-00-0001,Intercompany Receivable 1,ذمم مدينة اطراف ذات علاقة 1,Ledger,B/S,Debit,Assets,Total Intercompany Receivable
01-01-08-00-0002,Intercompany Receivable 2,ذمم مدينة اطراف ذات علاقة 2,Ledger,B/S,Debit,Assets,Total Intercompany Receivable
01-01-09-00-0000,Total Deferred Banks Interest,اجمالي الفوائد المصرفية المؤجلة,Group,B/S,Debit,Assets,Total Current Assets
01-01-09-00-0001,Deferred Interest Riyad Bank,الفوائد المؤجلة بنك الرياض,Ledger,B/S,Debit,Assets,Total Deferred Banks Interest
01-01-09-00-0002,Deferred Interest Alahli Bank,الفائدة المؤجلة بنك الاهلي,Ledger,B/S,Debit,Assets,Total Deferred Banks Interest
01-02-00-00-0000,Total Non-Current Assets,اجمالي الاصول الغير المتداولة,Group,B/S,Debit,Assets,Total Assets
01-02-01-00-0000,Total Long Term Investment,اجمالي الاستثمار طويل الاجل,Group,B/S,Debit,Assets,Total Non-Current Assets
01-02-01-00-0001,Long Term Investment 1,الاستثمار طويل الاجل 1,Ledger,B/S,Debit,Assets,Total Long Term Investment
01-02-01-00-0002,Long Term Investment 2,الاستثمار طويل الاجل 2,Ledger,B/S,Debit,Assets,Total Long Term Investment
01-02-07-00-0000,Total Fixed Assets,اجمالي الاصول الثابتة,Group,B/S,Debit,Assets,Total Non-Current Assets
01-02-07-01-0000,Total of Land,اجمالي الاراضي,Group,B/S,Debit,Assets,Total Fixed Assets
01-02-07-01-0001,Land Cost,تكلفة الارض,Ledger,B/S,Debit,Assets,Total of Land
01-02-07-02-0000,Total Buildings,اجمالي المباني,Group,B/S,Debit,Assets,Total Fixed Assets
01-02-07-02-0001,Buildings Coast,تكلفة المباني,Ledger,B/S,Debit,Assets,Total Buildings
01-02-07-02-0002,Accum Dep. Buildings,مجمع اهلاك المباني,Ledger,B/S,Credit,Assets,Total Buildings
01-02-07-03-0000,Total Leasehold improvement,اجمالي تجهيزات وتحسينات,Group,B/S,Debit,Assets,Total Fixed Assets
01-02-07-03-0001,Leasehold improvement Cost,تكلفة تجهيزات وتحسينات,Ledger,B/S,Debit,Assets,Total Leasehold improvement
01-02-07-03-0002,Acc Dep. Leasehold improvement,مجمع اهلاك تجهيزات وتحسينات,Ledger,B/S,Credit,Assets,Total Leasehold improvement
01-02-07-04-0000,Total Air Conditions,اجمالي المكيفات,Group,B/S,Debit,Assets,Total Fixed Assets
01-02-07-04-0001,Air Conditions Cost,تكلفة المكيفات,Ledger,B/S,Debit,Assets,Total Air Conditions
01-02-07-04-0002,Accum Dep.Air Conditions,مجمع اهلاك المكيفات,Ledger,B/S,Credit,Assets,Total Air Conditions
01-02-07-05-0000,Total Furniture & Fixture,اجمالي اثاث ومفروشات,Group,B/S,Debit,Assets,Total Fixed Assets
01-02-07-05-0001,Furniture & Fixture Cost,تكلفة اثاث ومفروشات,Ledger,B/S,Debit,Assets,Total Furniture & Fixture
01-02-07-05-0002,Accum Dep. Furniture& Fixture,مجمع اهلاك اثاث ومفروشات,Ledger,B/S,Credit,Assets,Total Furniture & Fixture
01-02-07-06-0000,Total Office Equipment,اجمالي معدات مكتبية,Group,B/S,Debit,Assets,Total Fixed Assets
01-02-07-06-0001,Office Equipment Cost,تكلفة معدات مكتبية,Ledger,B/S,Debit,Assets,Total Office Equipment
01-02-07-06-0002,Accum. Depr.Office Equipment,مجمع اهلاك معدات مكتبية,Ledger,B/S,Credit,Assets,Total Office Equipment
01-02-07-07-0000,Total Computer Hard & Software,اجمالي اجهزة وبرامج كمبيوتر,Group,B/S,Debit,Assets,Total Fixed Assets
01-02-07-07-0001,Computer Hard & Software Cot,تكلفة اجهزة وبرامج كمبيوتر,Ledger,B/S,Debit,Assets,Total Computer Hard & Software
01-02-07-07-0002,Acc Dep. - Computer Hard & Soft,مجمع اهلاك اجهزة وبرامج كمبيوتر,Ledger,B/S,Credit,Assets,Total Computer Hard & Software
01-02-07-08-0000,Total Tools,اجمالي عدد وادوات,Group,B/S,Debit,Assets,Total Fixed Assets
01-02-07-08-0001,Tools Cost,تكلفة عدد وادوات,Ledger,B/S,Debit,Assets,Total Tools
01-02-07-08-0002,Accum Dep. Tools,مجمع اهلاك عدد وادوات,Ledger,B/S,Credit,Assets,Total Tools
01-02-07-09-0000,Total Vehicles,اجمالي السيارات,Group,B/S,Debit,Assets,Total Fixed Assets
01-02-07-09-0001,Vehicles Cost,تكلفة السيارات,Ledger,B/S,Debit,Assets,Total Vehicles
01-02-07-09-0002,Accum Dep. Vehicles,مجمع اهلاك السيارات,Ledger,B/S,Credit,Assets,Total Vehicles
01-02-08-00-0000,Total Intangible Assets,اجمالي الاصول غير الملموسة,Group,B/S,Debit,Assets,Total Non-Current Assets
01-02-08-00-0001,Trade Marks,العلامات التجارية,Ledger,B/S,Debit,Assets,Total Intangible Assets
01-02-09-00-0000,Total Goodwill,اجمالي الشهرة,Group,B/S,Debit,Assets,Total Non-Current Assets
01-02-09-01-0000,Total Goodwill of Mamlaket Al Elaj PH,اجمالي شهرة المحل-رتاج ص مملكة العلاج,Group,B/S,Debit,Assets,Total Goodwill
01-02-09-01-0001,Goodwill of Mamlaket Al Elaj PH,شهرة المحل - رتاج ص مملكة العلاج,Ledger,B/S,Debit,Assets,Total Goodwill of Mamlaket Al Elaj PH
01-02-09-01-0002,Accum Amor Goodwill of Mamlaket Al Elaj PH,مجمع اطفاء شهرة صيدلية مملكة العلاج,Ledger,B/S,Credit,Assets,Total Goodwill of Mamlaket Al Elaj PH
01-02-09-02-0000,Total Goodwill of SAMA Al dawa,اجمالي شهرة المحل-رتاج ص سما الدواء,Group,B/S,Debit,Assets,Total Goodwill
01-02-09-02-0001,Goodwill of SAMA Al dawa,شهرة المحل - رتاج ص سما الدواء,Ledger,B/S,Debit,Assets,Total Goodwill of SAMA Al dawa
01-02-09-02-0002,Accum Amor Goodwill of SAMA Al dawa,مجمع اطفاء شهرة صيدلية سماء الدواء,Ledger,B/S,Credit,Assets,Total Goodwill of SAMA Al dawa
02-00-00-00-0000,Total Liabilities,اجمالي الالتزامات,Group,B/S,Credit,Liabilities,
02-01-00-00-0000,Total Current Liabilities,اجمالي الالتزامات المتداولة,Group,B/S,Credit,Liabilities,Total Liabilities
02-01-01-00-0000,Total Account Payable,اجمالي الموردين ( الذمم الدائنة ),Group,B/S,Credit,Liabilities,Total Current Liabilities
02-01-01-00-0001,Trade Account Payable Local,موردين محليين رتاج,Ledger,B/S,Credit,Liabilities,Total Account Payable
02-01-01-00-0002,Non-Trade Account Payable,موردى خدمات واصول - رتاج,Ledger,B/S,Credit,Liabilities,Total Account Payable
02-01-02-00-0000,Total Accrued Expenses,اجمالي المصاريف المستحقة,Group,B/S,Credit,Liabilities,Total Current Liabilities
02-01-02-01-0000,Total Accrued Company Expenses - Rent,مصاريف مستحقة - الشركة - ايجار,Group,B/S,Credit,Liabilities,Total Accrued Expenses
02-01-02-01-0001,Accrued Rent 1,ايجار مستحق 1,Ledger,B/S,Credit,Liabilities,Total Accrued Company Expenses - Rent
02-01-02-02-0000,Total Accrued Professional Service - Audit,مصاريف مستحقة - خدمات مهنية - تدقيق,Group,B/S,Credit,Liabilities,Total Accrued Expenses
02-01-02-02-0001,Accrued Audit Fees 1,رسوم تدقيق مستحقة 1,Ledger,B/S,Credit,Liabilities,Total Accrued Professional Service - Audit
02-01-02-03-0000,Total Accrued Professional Service - Consultancy,مصاريف مستحقة - خدمات مهنية - استشارات,Group,B/S,Credit,Liabilities,Total Accrued Expenses
02-01-02-03-0001,Accrued Consultancy Fees 1,رسوم استشارات مستحقة 1,Ledger,B/S,Credit,Liabilities,Total Accrued Professional Service - Consultancy
02-01-02-04-0000,Total Accrued Employee Benefits - Salaries,مصاريف مستحقة - منافع الموظفين - رواتب,Group,B/S,Credit,Liabilities,Total Accrued Expenses
02-01-02-04-0001,Accrued Salaries - Employee 1,رواتب مستحقة - موظف 1,Ledger,B/S,Credit,Liabilities,Total Accrued Employee Benefits - Salaries
02-01-02-04-0002,Accrued Salaries - Employee 2,رواتب مستحقة - موظف 2,Ledger,B/S,Credit,Liabilities,Total Accrued Employee Benefits - Salaries
02-01-02-04-0003,Accrued Salaries - Employee 3,رواتب مستحقة - موظف 3,Ledger,B/S,Credit,Liabilities,Total Accrued Employee Benefits - Salaries
02-01-02-04-0004,Accrued Salaries - Employee 4,رواتب مستحقة - موظف 4,Ledger,B/S,Credit,Liabilities,Total Accrued Employee Benefits - Salaries
02-01-02-04-0005,Accrued Salaries - Employee 5,رواتب مستحقة - موظف 5,Ledger,B/S,Credit,Liabilities,Total Accrued Employee Benefits - Salaries
02-01-02-04-0006,Accrued Salaries - Employee 6,رواتب مستحقة - موظف 6,Ledger,B/S,Credit,Liabilities,Total Accrued Employee Benefits - Salaries
02-01-02-04-0007,Accrued Salaries - Employee 7,رواتب مستحقة - موظف 7,Ledger,B/S,Credit,Liabilities,Total Accrued Employee Benefits - Salaries
02-01-02-04-0008,Accrued Salaries - Employee 8,رواتب مستحقة - موظف 8,Ledger,B/S,Credit,Liabilities,Total Accrued Employee Benefits - Salaries
02-01-02-04-0009,Accrued Salaries - Employee 9,رواتب مستحقة - موظف 9,Ledger,B/S,Credit,Liabilities,Total Accrued Employee Benefits - Salaries
02-01-02-04-0010,Accrued Salaries - Employee 10,رواتب مستحقة - موظف 10,Ledger,B/S,Credit,Liabilities,Total Accrued Employee Benefits - Salaries
02-01-02-04-0011,Accrued Salaries - Employee 11,رواتب مستحقة - موظف 11,Ledger,B/S,Credit,Liabilities,Total Accrued Employee Benefits - Salaries
02-01-02-04-0012,Accrued Salaries - Employee 12,رواتب مستحقة - موظف 12,Ledger,B/S,Credit,Liabilities,Total Accrued Employee Benefits - Salaries
02-01-02-04-0013,Accrued Salaries - Employee 13,رواتب مستحقة - موظف 13,Ledger,B/S,Credit,Liabilities,Total Accrued Employee Benefits - Salaries
02-01-02-04-0014,Accrued Salaries - Employee 14,رواتب مستحقة - موظف 14,Ledger,B/S,Credit,Liabilities,Total Accrued Employee Benefits - Salaries
02-01-02-04-0015,Accrued Salaries - Employee 15,رواتب مستحقة - موظف 15,Ledger,B/S,Credit,Liabilities,Total Accrued Employee Benefits - Salaries
02-01-02-04-0016,Accrued Salaries - Employee 16,رواتب مستحقة - موظف 16,Ledger,B/S,Credit,Liabilities,Total Accrued Employee Benefits - Salaries
02-01-02-04-0017,Accrued Salaries - Employee 17,رواتب مستحقة - موظف 17,Ledger,B/S,Credit,Liabilities,Total Accrued Employee Benefits - Salaries
02-01-02-04-0018,Accrued Salaries - Employee 18,رواتب مستحقة - موظف 18,Ledger,B/S,Credit,Liabilities,Total Accrued Employee Benefits - Salaries
02-01-02-04-0019,Accrued Salaries - Employee 19,رواتب مستحقة - موظف 19,Ledger,B/S,Credit,Liabilities,Total Accrued Employee Benefits - Salaries
02-01-02-04-0020,Accrued Salaries - Employee 20,رواتب مستحقة - موظف 20,Ledger,B/S,Credit,Liabilities,Total Accrued Employee Benefits - Salaries
02-01-02-04-0021,Accrued Salaries - Employee 21,رواتب مستحقة - موظف 21,Ledger,B/S,Credit,Liabilities,Total Accrued Employee Benefits - Salaries
02-01-02-04-0022,Accrued Salaries - Employee 22,رواتب مستحقة - موظف 22,Ledger,B/S,Credit,Liabilities,Total Accrued Employee Benefits - Salaries
02-01-02-04-0023,Accrued Salaries - Employee 23,رواتب مستحقة - موظف 23,Ledger,B/S,Credit,Liabilities,Total Accrued Employee Benefits - Salaries
02-01-02-04-0024,Accrued Salaries - Employee 24,رواتب مستحقة - موظف 24,Ledger,B/S,Credit,Liabilities,Total Accrued Employee Benefits - Salaries
02-01-02-04-0025,Accrued Salaries - Employee 25,رواتب مستحقة - موظف 25,Ledger,B/S,Credit,Liabilities,Total Accrued Employee Benefits - Salaries
02-01-02-05-0000,Total Accrued Employee Benefits - Vacation & Annual Ticket,مصاريف مستحقة - منافع الموظفين - اجازة وتذاكر سنوية,Group,B/S,Credit,Liabilities,Total Accrued Expenses
02-01-02-05-0001,Accrued Vacation,مصاريف مستحقة - اجازة سنوية,Ledger,B/S,Credit,Liabilities,Total Accrued Employee Benefits - Vacation & Annual Ticket
02-01-02-05-0002,Accrued Annual Ticket,مصاريف مستحقة - تذاكر سنوية,Ledger,B/S,Credit,Liabilities,Total Accrued Employee Benefits - Vacation & Annual Ticket
02-01-02-06-0000,Accrued Taxes,الضرائب المستحقة,Group,B/S,Credit,Liabilities,Total Accrued Expenses
02-01-02-06-0001,Accrued Zakat,الزكاة المستحقة,Ledger,B/S,Credit,Liabilities,Accrued Taxes
02-01-02-06-0002,Accrued Withholding Tax,ضريبة الاستقطاع المستحقة,Ledger,B/S,Credit,Liabilities,Accrued Taxes
02-01-03-00-0000,Total Letter of Credit,اجمالي الاعتمادات المستندية,Group,B/S,Credit,Liabilities,Total Current Liabilities
02-01-03-01-0000,Total Letter of credit - Riyad Bank,اجمالي الاعتمادات - بنك الرياض,Group,B/S,Credit,Liabilities,Total Letter of Credit
02-01-03-01-0001,LC - Riyad Bank 1,اعتماد مستندي - بنك الرياض - 1,Ledger,B/S,Credit,Liabilities,Total Letter of credit - Riyad Bank
02-01-03-02-0000,Total Letter of credit - Inma Bank,اجمالي الاعتمادات - بنك الانماء,Group,B/S,Credit,Liabilities,Total Letter of Credit
02-01-03-02-0001,LC - Inma Bank 1,اعتماد مستندي - بنك الانماء - 1,Ledger,B/S,Credit,Liabilities,Total Letter of credit - Inma Bank
02-01-04-00-0000,Total Current Portion of Long-Term Loan,اجمالي الجزء المتداول من قروض طويلة الاجل,Group,B/S,Credit,Liabilities,Total Current Liabilities
02-01-04-00-0001,Current Portion of long-Term Loan - Inma,الجزء المتداول من قروض طويلة الاجل - انماء,Ledger,B/S,Credit,Liabilities,Total Current Portion of Long-Term Loan
02-01-05-00-0000,Total Other creditors,اجمالي دائنون اخرون,Group,B/S,Credit,Liabilities,Total Current Liabilities
02-01-05-00-0001,Other creditors- Dawa Alhayat Pharmacy,دائنون اخرون - صيدلية دواء الحياة,Ledger,B/S,Credit,Liabilities,Total Other creditors
02-01-07-00-0000,Total Current Contributions By Owners,اجمالي مساهمات الملاك,Group,B/S,Credit,Liabilities,Total Current Liabilities
02-01-07-00-0001,Current Contributions Owner 1,مساهمات الاملاك - المالك 1,Ledger,B/S,Credit,Liabilities,Total Current Contributions By Owners
02-01-07-00-0002,Current Contributions Owner 2,مساهمات الاملاك - المالك 2,Ledger,B/S,Credit,Liabilities,Total Current Contributions By Owners
02-01-08-00-0000,Total Intercompany Payable,اجمالي جهات ذات علاقة دائنة,Group,B/S,Credit,Liabilities,Total Current Liabilities
02-01-08-00-0001,Intercompany Payable - PDS,جهات ذات علاقة دائنة - مستودع فرماء,Ledger,B/S,Credit,Liabilities,Total Intercompany Payable
02-01-08-00-0002,Intercompany Payable - PPI,جهات ذات علاقة دائنة - مصنع فرماء,Ledger,B/S,Credit,Liabilities,Total Intercompany Payable
02-01-09-00-0000,Total Accrued Banks Interest,اجمالي الفوائد المستحقة للبنوك,Group,B/S,Credit,Liabilities,Total Current Liabilities
02-01-09-00-0001,Accrued Interest - Riyahd Bank,الفوائد المستحقة - بنك الرياض,Ledger,B/S,Credit,Liabilities,Total Accrued Banks Interest
02-01-10-00-0000,Total Claims of Other Payable,اجمالي مطالبات الذمم الدائنة الاخرى,Group,B/S,Credit,Liabilities,Total Current Liabilities
02-01-10-00-0001,VAT on Sales,ضريبة القيمة المضافة على المبيعات,Ledger,B/S,Credit,Liabilities,Total Claims of Other Payable
02-01-10-00-0002,VAT Settlement,تسوية ضريبة القيمة المضافة,Ledger,B/S,Credit,Liabilities,Total Claims of Other Payable
02-02-00-00-0000,Total Non-Current Liabilities,اجمالي الالتزامات الغير المتداولة,Group,B/S,Credit,Liabilities,Total Liabilities
02-02-01-00-0000,Total End of Service Provision,اجمالي مخصص نهاية الخدمة,Group,B/S,Credit,Liabilities,Total Non-Current Liabilities
02-02-01-00-0001,End of Service Provision,مخصص نهاية الخدمة,Ledger,B/S,Credit,Liabilities,Total End of Service Provision
02-02-02-00-0000,Total Long Term Loans,اجمالي القروض طويلة الاجل,Group,B/S,Credit,Liabilities,Total Non-Current Liabilities
02-02-02-00-0001,Long Term Loan 1,قرض طويل الاجل 1,Ledger,B/S,Credit,Liabilities,Total Long Term Loans
02-02-02-00-0002,Long Term Loan 2,قرض طويل الاجل 2,Ledger,B/S,Credit,Liabilities,Total Long Term Loans
03-00-00-00-0000,Total Equity,حقوق الملكية,Group,B/S,Credit,Equity,
03-01-00-00-0000,Total Capital,اجمالي راس المال,Group,B/S,Credit,Equity,Total Equity
03-01-00-00-0001,Capital,راس المال,Ledger,B/S,Credit,Equity,Total Capital
03-01-00-00-0003,Treasury stock,اسهم الخزينة,Ledger,B/S,Credit,Equity,Total Capital
03-02-00-00-0000,Total Reserves,اجمالي الاحتياطي,Group,B/S,Credit,Equity,Total Equity
03-02-00-00-0001,Statutory Reserve,الاحتياطي النظامي,Ledger,B/S,Credit,Equity,Total Reserves
03-02-00-00-0002,General Reserve,الاحتياطي العام,Ledger,B/S,Credit,Equity,Total Reserves
03-03-00-00-0000,Total Earnings,اجمالي الارباح,Group,B/S,Credit,Equity,Total Equity
03-03-00-00-0001,Retained Earnings Prior Years,الارباح المبقاة ( المحتجزة ),Ledger,B/S,Credit,Equity,Total Earnings
03-03-00-00-0002,Current Period Profits / Loss,ارباح وخسائر الفترة,Ledger,B/S,Credit,Equity,Total Earnings
03-03-00-00-0003,Accumulated OCI,مجمع الدخل الشامل الاخر,Ledger,B/S,Credit,Equity,Total Earnings
04-00-00-00-0000,Total Gross Profit,اجمالي مجمل الربح,Group,P/L,Credit,Revenue,
04-01-00-00-0000,Total Net Sales,اجمالي صافي المبيعات,Group,P/L,Credit,Revenue,Total Gross Profit
04-01-01-00-0000,Total Sales,اجمالي المبيعات,Group,P/L,Credit,Revenue,Total Net Sales
04-01-01-01-0000,Total Sales - Trade Customers,اجمالي المبيعات - العملاء التجاريين,Group,P/L,Credit,Revenue,Total Sales
04-01-01-01-0001,Sales - Trade Customers ( WH ),المبيعات - العملاء التجاريين ( المستودع ),Ledger,P/L,Credit,Revenue,Total Sales - Trade Customers
04-01-01-02-0000,Total Sales - Pharmacies,اجمالي المبيعات - الصيدليات,Group,P/L,Credit,Revenue,Total Sales
04-01-01-02-0001,Sales PH - Mamlakat Al Elaj (Al-Othaim),مبيعات الصيدليات رتاج ص مملكة العلاج,Ledger,P/L,Credit,Revenue,Total Sales - Pharmacies
04-01-01-02-0002,Sales PH - Sama PH (Salit Aldawa),مبيعات الصيدليات رتاج ص سماء الدواء,Ledger,P/L,Credit,Revenue,Total Sales - Pharmacies
04-01-01-02-0003,Sales PH - Retaj Pharmacy 4,مبيعات الصيدليات رتاج ص وصفات4,Ledger,P/L,Credit,Revenue,Total Sales - Pharmacies
04-01-01-02-0004,Sales PH - Retaj PH ( Wasaft Altab 10 ),مبيعات الصيدليات رتاج ص وصفات الطب 10,Ledger,P/L,Credit,Revenue,Total Sales - Pharmacies
04-01-01-02-0005,Sales PH - Abad PH 1,مبيعات الصيدليات - صيدلية ابعاد الصحة ابعاد 1,Ledger,P/L,Credit,Revenue,Total Sales - Pharmacies
04-01-01-02-0006,Sales PH - Retaj Al-Dawaa PH,مبيعات الصيدليات - صيدلية رتاج الدواء,Ledger,P/L,Credit,Revenue,Total Sales - Pharmacies
04-01-01-02-0007,Sales PH - Retaj PH 1,مبيعات الصيدليات - صيدلية رتاج الصحة الاولي,Ledger,P/L,Credit,Revenue,Total Sales - Pharmacies
04-01-02-00-0000,Total Sales Return,اجمالي مردودات المبيعات,Group,P/L,Debit,Revenue,Total Net Sales
04-01-02-01-0000,Total Sales Return - Trade Customers,اجمالي مردودات المبيعات - العملاء التجاريين,Group,P/L,Debit,Revenue,Total Sales Return
04-01-02-01-0001,Sales Return - Trade Customers ( WH ),مردودات المبيعات - العملاء التجاريين ( المستودع ),Ledger,P/L,Debit,Revenue,Total Sales Return - Trade Customers
04-01-02-02-0000,Total Sales Return - Pharmacies,اجمالي مردودات المبيعات - الصيدليات,Group,P/L,Debit,Revenue,Total Sales Return
04-01-02-02-0001,Sales Retrun PH - Mamlakat Al Elaj (Al-Othaim),مردودات مبيعات الصيدليات رتاج ص مملكة العلاج,Ledger,P/L,Debit,Revenue,Total Sales Return - Pharmacies
04-01-02-02-0002,Sales Retrun PH - Sama PH (Salit Aldawa),مردودات مبيعات الصيدليات رتاج ص سماء الدواء,Ledger,P/L,Debit,Revenue,Total Sales Return - Pharmacies
04-01-02-02-0003,Sales Retrun PH - Retaj Pharmacy 4,مردودات مبيعات الصيدليات رتاج ص وصفات4,Ledger,P/L,Debit,Revenue,Total Sales Return - Pharmacies
04-01-02-02-0004,Sales Return PH- Retaj PH ( Wasaft Altab 10 ),مردودات مبيعات الصيدليات رتاج ص وصفات الطب 10,Ledger,P/L,Debit,Revenue,Total Sales Return - Pharmacies
04-01-02-02-0005,Sales Retrun PH - Abad PH 1,مردودات مبيعات الصيدليات - صيدلية ابعاد الصحة ابعاد 1,Ledger,P/L,Debit,Revenue,Total Sales Return - Pharmacies
04-01-02-02-0006,Sales Retrun PH - Retaj Al-Dawaa PH,مردودات مبيعات الصيدليات - صيدلية رتاج الدواء,Ledger,P/L,Debit,Revenue,Total Sales Return - Pharmacies
04-01-02-02-0007,Sales Retrun PH - Retaj PH 1,مردودات مبيعات الصيدليات - صيدلية رتاج الصحة الاولي,Ledger,P/L,Debit,Revenue,Total Sales Return - Pharmacies
04-01-03-00-0000,Toatal Trade Discount,اجمالي الخصم التجاري,Group,P/L,Debit,Revenue,Total Net Sales
04-01-03-00-0001,Trade Discount - Trade Customer,الخصم التجاري - العملاء التجاريين,Ledger,P/L,Debit,Revenue,Toatal Trade Discount
04-02-00-00-0000,Total Cost Of Goods Sales,اجمالي تكلفة البضاعة المباعة,Group,P/L,Debit,Cost Of Sales,Total Gross Profit
04-02-01-00-0000,Total Cost Of Goods Sales - Trade Customers,اجمالي تكلفة البضاعة المباعة - العملاء التجاريين,Group,P/L,Debit,Cost Of Sales,Total Cost Of Goods Sales
04-02-01-00-0001,Cost Of Goods Sales - Trade Customers ( WH ),تكلفة البضاعة المباعة - العملاء التجاريين ( المستودع ),Ledger,P/L,Debit,Cost Of Sales,Total Cost Of Goods Sales - Trade Customers
04-02-02-00-0000,Total Cost Of Goods Sales - Pharmacies,اجمالي تكلفة البضاعة المباعة - الصيدليات,Group,P/L,Debit,Cost Of Sales,Total Cost Of Goods Sales
04-02-02-00-0001,Cost Of Goods Sales PH - Mamlakat Al Elaj (Al-Othaim),تكلفة البضاعة المباعة الصيدليات رتاج ص مملكة العلاج,Ledger,P/L,Debit,Cost Of Sales,Total Cost Of Goods Sales - Pharmacies
04-02-02-00-0002,Cost Of Goods Sales PH - Sama PH (Salit Aldawa),تكلفة البضاعة المباعة الصيدليات رتاج ص سماء الدواء,Ledger,P/L,Debit,Cost Of Sales,Total Cost Of Goods Sales - Pharmacies
04-02-02-00-0003,Cost Of Goods Sales PH - Retaj Pharmacy 4,تكلفة البضاعة المباعة الصيدليات رتاج ص وصفات4,Ledger,P/L,Debit,Cost Of Sales,Total Cost Of Goods Sales - Pharmacies
04-02-02-00-0004,Cost Of Goods Sales PH - Retaj PH ( Wasaft Altab 10 ),تكلفة البضاعة المباعة الصيدليات رتاج ص وصفات الطب 10,Ledger,P/L,Debit,Cost Of Sales,Total Cost Of Goods Sales - Pharmacies
04-02-02-00-0005,Cost Of Goods Sales PH - Abad PH 1,تكلفة البضاعة المباعة الصيدليات - صيدلية ابعاد الصحة ابعاد 1,Ledger,P/L,Debit,Cost Of Sales,Total Cost Of Goods Sales - Pharmacies
04-02-02-00-0006,Cost Of Goods Sales PH - Retaj Al-Dawaa PH,تكلفة البضاعة المباعة الصيدليات - صيدلية رتاج الدواء,Ledger,P/L,Debit,Cost Of Sales,Total Cost Of Goods Sales - Pharmacies
04-02-02-00-0007,Cost Of Goods Sales PH - Retaj PH 1,تكلفة البضاعة المباعة الصيدليات - صيدلية رتاج الصحة الاولي,Ledger,P/L,Debit,Cost Of Sales,Total Cost Of Goods Sales - Pharmacies
04-02-03-00-0000,Total Other Costs,اجمالي تكاليف اخرى,Group,P/L,Debit,Cost Of Sales,Total Cost Of Goods Sales
04-02-03-00-0001,Physical Count Variances,تكاليف اخرى - فروق عجز وزيادة مخزنية,Ledger,P/L,Debit,Cost Of Sales,Total Other Costs
04-02-03-00-0002,Price difference - Halala,تكاليف اخرى - فرق الهللات رتاج,Ledger,P/L,Debit,Cost Of Sales,Total Other Costs
04-02-03-00-0003,Packaging Materials Exp.,تكاليف اخرى - مواد تعبئة وتغليف,Ledger,P/L,Debit,Cost Of Sales,Total Other Costs
05-00-00-00-0000,Total Operating Expenses,اجمالى تكاليف التشغيل,Group,P/L,Debit,Operating Expenses,
05-01-00-00-0000,Total Selling & Marketing Exp,اجمالي مصاريف البيع والتسويق,Group,P/L,Debit,Operating Expenses,Total Operating Expenses
05-01-01-00-0000,Total Selling Expenses,اجمالي مصاريف البيع,Group,P/L,Debit,Operating Expenses,Total Selling & Marketing Exp
05-01-01-00-0001,Allowed discount Exp. - Retaj,مصاريف بيعية - خصم مسموح به رتاج,Ledger,P/L,Debit,Operating Expenses,Total Selling Expenses
05-01-01-00-0002,List Commission Exp. - Retaj,مصاريف بيعية - م .عمولة اللستة رتاج,Ledger,P/L,Debit,Operating Expenses,Total Selling Expenses
05-01-01-00-0003,Sale commission Exp. - Retaj,مصاريف بيعية - عمولة بيع رتاج,Ledger,P/L,Debit,Operating Expenses,Total Selling Expenses
05-01-01-00-0004,Customers additional discount Exp. - Retaj,مصاريف بيعية - خصم اضافي للعملاء - رتاج,Ledger,P/L,Debit,Operating Expenses,Total Selling Expenses
05-01-02-00-0000,Total Advertising Expenses,اجمالي مصروفات دعاية واعلان,Group,P/L,Debit,Operating Expenses,Total Selling & Marketing Exp
05-01-02-00-0001,Media Advertising Exp,مصاريف دعاية - الاعلان بالميديا,Ledger,P/L,Debit,Operating Expenses,Total Advertising Expenses
05-01-02-00-0002,Flyers and Broacher’s Exp,مصاريف دعاية - البروشورات والنشرات,Ledger,P/L,Debit,Operating Expenses,Total Advertising Expenses
05-01-02-00-0003,Group Meeting Exp,مصاريف دعاية - الاجتماعات,Ledger,P/L,Debit,Operating Expenses,Total Advertising Expenses
05-01-02-00-0004,Digital Marketing Exp,مصاريف دعاية - التسويق الرقمي,Ledger,P/L,Debit,Operating Expenses,Total Advertising Expenses
05-01-02-00-0005,Gifts Exp,مصاريف دعاية - هدايا,Ledger,P/L,Debit,Operating Expenses,Total Advertising Expenses
05-01-02-00-0006,Promotions Exp,مصاريف دعاية - عروض ترويجية,Ledger,P/L,Debit,Operating Expenses,Total Advertising Expenses
05-01-02-00-0007,Marketing Samples Exp,مصاريف دعاية - عينات تسويقية,Ledger,P/L,Debit,Operating Expenses,Total Advertising Expenses
05-02-00-00-0000,Total Salaries & Wages,اجمالي مصروفات اجور ورواتب,Group,P/L,Debit,Operating Expenses,Total Operating Expenses
05-02-01-00-0000,Total Personnal Costs 1,اجمالي مصروفات تكاليف الموظفين 1,Group,P/L,Debit,Operating Expenses,Total Salaries & Wages
05-02-01-00-0001,Basic Salary Exp,راتب اساسي,Ledger,P/L,Debit,Operating Expenses,Total Personnal Costs 1
05-02-01-00-0002,Housing Allowance Exp,بدل سكن,Ledger,P/L,Debit,Operating Expenses,Total Personnal Costs 1
05-02-01-00-0003,Transport allowance Exp,بدل انتقال,Ledger,P/L,Debit,Operating Expenses,Total Personnal Costs 1
05-02-01-00-0004,Fuel Allowance Exp,بدل محروقات,Ledger,P/L,Debit,Operating Expenses,Total Personnal Costs 1
05-02-01-00-0005,Telephone allowance Exp,بدل هاتف,Ledger,P/L,Debit,Operating Expenses,Total Personnal Costs 1
05-02-01-00-0006,Food Allowance Exp,بدل طعام,Ledger,P/L,Debit,Operating Expenses,Total Personnal Costs 1
05-02-01-00-0007,Overtime Allowance Exp,اضافى خارج دوام,Ledger,P/L,Debit,Operating Expenses,Total Personnal Costs 1
05-02-01-00-0008,Education Allowance Exp,بدل تعليم,Ledger,P/L,Debit,Operating Expenses,Total Personnal Costs 1
05-02-02-00-0000,Total Personnal Costs 2,اجمالي مصروفات تكاليف الموظفين 2,Group,P/L,Debit,Operating Expenses,Total Salaries & Wages
05-02-02-00-0001,Temporary Staff Salaries Exp,رواتب عمالة مؤقتة,Ledger,P/L,Debit,Operating Expenses,Total Personnal Costs 2
05-02-02-00-0002,Bonus Exp,مكافئات,Ledger,P/L,Debit,Operating Expenses,Total Personnal Costs 2
05-02-02-00-0003,Payroll Deduction Exp,خصومات رواتب,Ledger,P/L,Debit,Operating Expenses,Total Personnal Costs 2
05-02-02-00-0004,Annual Leave pay Exp,راتب اجازة,Ledger,P/L,Debit,Operating Expenses,Total Personnal Costs 2
05-02-02-00-0005,Annual Air ticket Exp,تذاكر سفر اجازات,Ledger,P/L,Debit,Operating Expenses,Total Personnal Costs 2
05-02-02-00-0006,End of Service Expense,مكافئة نهاية الخدمة,Ledger,P/L,Debit,Operating Expenses,Total Personnal Costs 2
05-02-03-00-0000,Total Other Staff Costs,اجمالي مصروفات تكاليف موظفين اخرى,Group,P/L,Debit,Operating Expenses,Total Salaries & Wages
05-02-03-00-0001,Medical Insurance Exp,تامين طبي,Ledger,P/L,Debit,Operating Expenses,Total Other Staff Costs
05-02-03-00-0002,Medical Expense,مصروف علاج,Ledger,P/L,Debit,Operating Expenses,Total Other Staff Costs
05-02-03-00-0003,Training Expenses,مصاريف تدريب,Ledger,P/L,Debit,Operating Expenses,Total Other Staff Costs
05-02-03-00-0004,Uniforms Exp,زي موحد,Ledger,P/L,Debit,Operating Expenses,Total Other Staff Costs
05-02-04-00-0000,Total Employee Governmental Exp,اجمالي مصروفات حكومية للموظفين,Group,P/L,Debit,Operating Expenses,Total Salaries & Wages
05-02-04-00-0001,GOSI,تامينات اجتماعية,Ledger,P/L,Debit,Operating Expenses,Total Employee Governmental Exp
05-02-04-00-0002,Iqama and Work Permit Charges,تجديد اقامات وتصريح عمل,Ledger,P/L,Debit,Operating Expenses,Total Employee Governmental Exp
05-02-04-00-0003,Transfer of Sponsorship,نقل كفالات,Ledger,P/L,Debit,Operating Expenses,Total Employee Governmental Exp
05-02-04-00-0004,Change of Profession,تغيير مهنة,Ledger,P/L,Debit,Operating Expenses,Total Employee Governmental Exp
05-02-04-00-0005,Re-Entry Visa Charges,تاشيرة خروج وعودة,Ledger,P/L,Debit,Operating Expenses,Total Employee Governmental Exp
05-02-04-00-0006,Employment Visa Charges,مصاريف تاشيرات,Ledger,P/L,Debit,Operating Expenses,Total Employee Governmental Exp
05-02-04-00-0007,Family Visa Charges,تاشيرات زيارة عائلية,Ledger,P/L,Debit,Operating Expenses,Total Employee Governmental Exp
05-02-04-00-0008,Attestation/ Translation Charges,تصديقات وترجمة,Ledger,P/L,Debit,Operating Expenses,Total Employee Governmental Exp
05-02-04-00-0009,Medical Tests charges,رسوم اختبار طبي,Ledger,P/L,Debit,Operating Expenses,Total Employee Governmental Exp
05-02-04-00-0010,Pharmacist MOH License Fees,رسوم ترخيص الصحة للصيدلي,Ledger,P/L,Debit,Operating Expenses,Total Employee Governmental Exp
05-02-04-00-0011,Pharmacist MOH Examination Fees,رسوم اختبار الصيدلي,Ledger,P/L,Debit,Operating Expenses,Total Employee Governmental Exp
05-02-04-00-0012,Pharmacist Basic Life Saving Course Fees,رسوم دروة للصيدلي,Ledger,P/L,Debit,Operating Expenses,Total Employee Governmental Exp
05-02-04-00-0013,Pharmacist Registration Card Expenses,رسوم تسجيل كارد مزاولة مهنة للصيدلي,Ledger,P/L,Debit,Operating Expenses,Total Employee Governmental Exp
05-02-04-00-0014,Muqeem Charge,رسوم خدمات مقيم,Ledger,P/L,Debit,Operating Expenses,Total Employee Governmental Exp
05-02-04-00-0015,Emp. other Gov. License,رسوم تراخيص اخرى للموظفين,Ledger,P/L,Debit,Operating Expenses,Total Employee Governmental Exp
05-02-05-00-0000,Total Recruitment Expense,اجمالي مصروفات استقدام,Group,P/L,Debit,Operating Expenses,Total Salaries & Wages
05-02-05-00-0001,Recruitment Advertising,اعلانات لاستقدام عمالة,Ledger,P/L,Debit,Operating Expenses,Total Recruitment Expense
05-02-05-00-0002,Recruitment Agency Fees,اتعاب مكتب الاستقدام,Ledger,P/L,Debit,Operating Expenses,Total Recruitment Expense
05-02-05-00-0003,Recruitment Expense Reimbursement,مصاريف استقدام,Ledger,P/L,Debit,Operating Expenses,Total Recruitment Expense
05-02-05-00-0004,Recruitment Joining / relocation Expense,مصاريف نقل موظفين,Ledger,P/L,Debit,Operating Expenses,Total Recruitment Expense
05-03-00-00-0000,Toatl Rent Expenses,اجمالي مصاريف ايجارات,Group,P/L,Debit,Operating Expenses,Total Operating Expenses
05-03-00-00-0001,Office Rent,ايجارات مكاتب,Ledger,P/L,Debit,Operating Expenses,Total Recruitment Expense
05-03-00-00-0002,Warehouse Rent,ايجارات مستودعات,Ledger,P/L,Debit,Operating Expenses,Total Recruitment Expense
05-03-00-00-0003,Pharmacy Rent,ايجارات صيدليات,Ledger,P/L,Debit,Operating Expenses,Total Recruitment Expense
05-03-00-00-0004,Labor House,ايجارات سكن عاملين,Ledger,P/L,Debit,Operating Expenses,Total Recruitment Expense
05-03-00-00-0005,Finder Fee (Rent Commissions),عمولة تاجير ( خلو قدم ),Ledger,P/L,Debit,Operating Expenses,Total Recruitment Expense
05-04-00-00-0000,Total General & Admin. Expenses,اجمالي مصروفات ادارية وعمومية,Group,P/L,Debit,Operating Expenses,Total Operating Expenses
05-04-01-00-0000,Total Business Travel,اجمالي مصروفات رحلات عمل,Group,P/L,Debit,Operating Expenses,Total General & Admin. Expenses
05-04-01-00-0001,Travel - Accommodation,اقامة - رحلات عمل,Ledger,P/L,Debit,Operating Expenses,Total Business Travel
05-04-01-00-0002,Travel - Air Tickets,تذاكر سفر - رحلات عمل,Ledger,P/L,Debit,Operating Expenses,Total Business Travel
05-04-01-00-0003,Travel - Transportation,نقل - رحلات عمل,Ledger,P/L,Debit,Operating Expenses,Total Business Travel
05-04-01-00-0004,Travel - Per Diems,بدل - رحلات عمل,Ledger,P/L,Debit,Operating Expenses,Total Business Travel
05-04-01-00-0005,Travel - Other Expenses,مصاريف اخرى - رحلات عمل,Ledger,P/L,Debit,Operating Expenses,Total Business Travel
05-04-02-00-0000,Total Communication Expense,اجمالي مصروفات الاتصالات,Group,P/L,Debit,Operating Expenses,Total General & Admin. Expenses
05-04-02-00-0001,Telephone Expense,هاتف,Ledger,P/L,Debit,Operating Expenses,Total Communication Expense
05-04-02-00-0002,Internet Services,خدمات انترنت,Ledger,P/L,Debit,Operating Expenses,Total Communication Expense
05-04-02-00-0003,Courier / Postage Expense,بريد,Ledger,P/L,Debit,Operating Expenses,Total Communication Expense
05-04-03-00-0000,Total Gen Serv And Maintenance,اجمالي مصروفات صيانة وخدمات عامة,Group,P/L,Debit,Operating Expenses,Total General & Admin. Expenses
05-04-03-00-0001,Security Services,خدمات حراسة,Ledger,P/L,Debit,Operating Expenses,Total Gen Serv And Maintenance
05-04-03-00-0002,Cleaning Services,خدمات نظافة,Ledger,P/L,Debit,Operating Expenses,Total Gen Serv And Maintenance
05-04-03-00-0003,General Repairs,خدمات صيانة عامة,Ledger,P/L,Debit,Operating Expenses,Total Gen Serv And Maintenance
05-04-03-00-0004,Air-condition Repairs,خدمات صيانة مكيفات,Ledger,P/L,Debit,Operating Expenses,Total Gen Serv And Maintenance
05-04-03-00-0005,Electrical Repair Expense,خدمات صيانة كهرباء,Ledger,P/L,Debit,Operating Expenses,Total Gen Serv And Maintenance
05-04-04-00-0000,Total Insurance General,اجمالي مصروفات التامين,Group,P/L,Debit,Operating Expenses,Total General & Admin. Expenses
05-04-04-00-0001,Insurance - Property,التامين على الممتلكات,Ledger,P/L,Debit,Operating Expenses,Total Insurance General
05-04-04-00-0002,Insurance - Cash,التامين علي النقد,Ledger,P/L,Debit,Operating Expenses,Total Insurance General
05-04-04-00-0003,Insurance - Fidelity,التامين على خيانة الامانه,Ledger,P/L,Debit,Operating Expenses,Total Insurance General
05-04-04-00-0004,Insurance - Marine,التامين على النقل البحري,Ledger,P/L,Debit,Operating Expenses,Total Insurance General
05-04-04-00-0005,Insurance - In-Land Transit,التامين على البضاعة بالطريق,Ledger,P/L,Debit,Operating Expenses,Total Insurance General
05-04-04-00-0006,Insurance - Vehicle,التامين على السيارات,Ledger,P/L,Debit,Operating Expenses,Total Insurance General
05-04-05-00-0000,Total Professional Services,اجمالي مصروفات خدمات مهنية,Group,P/L,Debit,Operating Expenses,Total General & Admin. Expenses
05-04-05-00-0001,Audit Fees,اتعاب مراجعة,Ledger,P/L,Debit,Operating Expenses,Total Professional Services
05-04-05-00-0002,Legal Fees,اتعاب قانونية,Ledger,P/L,Debit,Operating Expenses,Total Professional Services
05-04-05-00-0003,Taxation Fees,اتعاب ضريبية,Ledger,P/L,Debit,Operating Expenses,Total Professional Services
05-04-05-00-0004,Consultancy Fees,اتعاب استشارات,Ledger,P/L,Debit,Operating Expenses,Total Professional Services
05-04-06-00-0000,Total Lic & Other Governmental,اجمالي مصروفات تراخيص ورسوم حكومية اخرى,Group,P/L,Debit,Operating Expenses,Total General & Admin. Expenses
05-04-06-00-0001,Commercial Registration,سجلات تجارية,Ledger,P/L,Debit,Operating Expenses,Total Lic & Other Governmental
05-04-06-00-0002,Municipal Fees / Signboard License,رسوم بلدية - رخصة اللوحة,Ledger,P/L,Debit,Operating Expenses,Total Lic & Other Governmental
05-04-06-00-0003,MOH Licenses,ترخيص وزارة الصحة,Ledger,P/L,Debit,Operating Expenses,Total Lic & Other Governmental
05-04-06-00-0004,Saudi FDA,رسوم هيئة الغذاء والدواء,Ledger,P/L,Debit,Operating Expenses,Total Lic & Other Governmental
05-04-06-00-0005,Safety Inspection Fees,رسوم فحص السلامة,Ledger,P/L,Debit,Operating Expenses,Total Lic & Other Governmental
05-04-06-00-0006,Software license,ترخيص برامج,Ledger,P/L,Debit,Operating Expenses,Total Lic & Other Governmental
05-04-06-00-0007,Attestation Expense,تصديقات غرفة تجارية,Ledger,P/L,Debit,Operating Expenses,Total Lic & Other Governmental
05-04-06-00-0008,Translation Expense,مصاريف ترجمة,Ledger,P/L,Debit,Operating Expenses,Total Lic & Other Governmental
05-04-06-00-0009,Penalties,مخالفات,Ledger,P/L,Debit,Operating Expenses,Total Lic & Other Governmental
05-04-06-00-0010,Other License and Fees,رسوم وتراخيص اخرى,Ledger,P/L,Debit,Operating Expenses,Total Lic & Other Governmental
05-04-07-00-0000,Total Bank Charges,اجمالي مصروفات بنكية,Group,P/L,Debit,Operating Expenses,Total General & Admin. Expenses
05-04-07-00-0001,Bank Charges,مصروفات بنكية,Ledger,P/L,Debit,Operating Expenses,Total Bank Charges
05-04-07-00-0002,Credit Card Commissions,عمولة بطاقات ائتمان,Ledger,P/L,Debit,Operating Expenses,Total Bank Charges
05-04-07-00-0003,POS Fees,رسوم نقاط بيع,Ledger,P/L,Debit,Operating Expenses,Total Bank Charges
05-04-07-00-0004,LC and LG Charges,مصاريف اعتمادات وخطابات ضمان,Ledger,P/L,Debit,Operating Expenses,Total Bank Charges
05-04-07-00-0005,Fake Currency Notes,عملات مزورة,Ledger,P/L,Debit,Operating Expenses,Total Bank Charges
05-04-07-00-0006,Foreign Exchange Difference,فرق تقيم عملات اجنبية,Ledger,P/L,Debit,Operating Expenses,Total Bank Charges
05-04-07-00-0007,Other Bank Charge,مصاريف بنكية اخرى,Ledger,P/L,Debit,Operating Expenses,Total Bank Charges
05-04-08-00-0000,Total Miscellaneous Expenses,اجمالي مصروفات نثرية,Group,P/L,Debit,Operating Expenses,Total General & Admin. Expenses
05-04-08-00-0001,Stationery And Printing,قرطاسية ومطبوعات,Ledger,P/L,Debit,Operating Expenses,Total Miscellaneous Expenses
05-04-08-00-0002,G&A Consumables,مواد مستلهكة ادارية,Ledger,P/L,Debit,Operating Expenses,Total Miscellaneous Expenses
05-04-08-00-0003,Electricity,كهرباء,Ledger,P/L,Debit,Operating Expenses,Total Miscellaneous Expenses
05-04-08-00-0004,Water,مياه,Ledger,P/L,Debit,Operating Expenses,Total Miscellaneous Expenses
05-04-08-00-0005,Cafeteria Supplies And Refreshm,مستلزمات ضيافة,Ledger,P/L,Debit,Operating Expenses,Total Miscellaneous Expenses
05-04-08-00-0006,Cleaning Supplies and Materials,مستلزمات نظافة,Ledger,P/L,Debit,Operating Expenses,Total Miscellaneous Expenses
05-04-08-00-0007,Public Relations Expenses,مصاريف علاقات عامة,Ledger,P/L,Debit,Operating Expenses,Total Miscellaneous Expenses
05-04-08-00-0008,Donation Expenses,مصاريف تبرعات,Ledger,P/L,Debit,Operating Expenses,Total Miscellaneous Expenses
05-04-08-00-0009,Taxi Exp.,مصروف تاكسي,Ledger,P/L,Debit,Operating Expenses,Total Miscellaneous Expenses
05-04-08-00-0011,Fixed Assets Not Capitalized,الاصول الثابتة غير المرسملة,Ledger,P/L,Debit,Operating Expenses,Total Miscellaneous Expenses
05-05-00-00-0000,Total Dep and Amor Expenses,اجمالي مصروف الاستهلاك والاطفاء,Group,P/L,Debit,Operating Expenses,Total Operating Expenses
05-05-01-00-0000,Total Depreciation Exp,اجمالي استهلاك اصول ثابتة,Group,P/L,Debit,Operating Expenses,Total Dep and Amor Expenses
05-05-01-00-0002,Depr. Exp. - Buildings,استهلاك اصول ثابتة - مباني,Ledger,P/L,Debit,Operating Expenses,Total Depreciation Exp
05-05-01-00-0003,Depr. Exp. - Leasehold Improve,اطفاء اصول ثابتة - تجهيزات وتحسينات,Ledger,P/L,Debit,Operating Expenses,Total Depreciation Exp
05-05-01-00-0004,Depr. Exp. - Air Conditions,استهلاك اصول ثابتة - مكيفات,Ledger,P/L,Debit,Operating Expenses,Total Depreciation Exp
05-05-01-00-0005,Depr. Exp. - Furniture & Fixtur,استهلاك اصول ثابتة - اثاث ومفروشات,Ledger,P/L,Debit,Operating Expenses,Total Depreciation Exp
05-05-01-00-0006,Depr. Exp. - Office Equipment,استهلاك اصول ثابتة - معدات مكتبية,Ledger,P/L,Debit,Operating Expenses,Total Depreciation Exp
05-05-01-00-0007,Depr. Exp. - Computer Hardware,استهلاك اصول ثابتة - اجهزة وبرامج كمبيوتر,Ledger,P/L,Debit,Operating Expenses,Total Depreciation Exp
05-05-01-00-0008,Depr. Exp. - Tools,استهلاك اصول ثابتة - عدد وادوات,Ledger,P/L,Debit,Operating Expenses,Total Depreciation Exp
05-05-01-00-0009,Depr. Exp. - Vehicles,استهلاك اصول ثابتة - سيارات,Ledger,P/L,Debit,Operating Expenses,Total Depreciation Exp
05-05-02-00-0000,Total Amportization Expenses,اجمالي مصاريف الاطفاء,Group,P/L,Debit,Operating Expenses,Total Dep and Amor Expenses
05-05-02-01-0000,Total Amportization of Trad Mark,اجمالي اطفاء العلامات التجارية,Group,P/L,Debit,Operating Expenses,Total Amportization Expenses
05-05-02-01-0001,Amportization of TM 1,اطفاء علامة تجارية - 1,Ledger,P/L,Debit,Operating Expenses,Total Amportization of Trad Mark
05-05-02-02-0000,Total Amportization of Goodwill,اجمالي اطفاء الشهرة,Group,P/L,Debit,Operating Expenses,Total Amportization Expenses
05-05-02-02-0001,Amort. Exp. - Goodwill 1,اطفاء الشهرة - 1,Ledger,P/L,Debit,Operating Expenses,Total Amportization of Goodwill
05-05-03-00-0000,Total Dep. Right-of-Use Asset Exp.,اجمالي استهلاك - حق استخدام اصول ثابتة,Group,P/L,Debit,Operating Expenses,Total Dep and Amor Expenses
05-05-03-00-0001,Dep. Right-of-Use Asset - 1,استهلاك - حق استخدام اصول ثابتة - 1,Ledger,P/L,Debit,Operating Expenses,Total Dep. Right-of-Use Asset Exp.
06-00-00-00-0000,Total Other Income & Expenses,اجمالي الايرادات والمصروفات الاخرى,Group,P/L,Credit,Other Income,
06-01-00-00-0000,Total Other Income,اجمالي ايرادات اخرى,Group,P/L,Credit,Other Income,Total Other Income & Expenses
06-01-00-00-0001,ATM Machine Rentals,ايراد محقق من تاجير صراف الي,Ledger,P/L,Credit,Other Income,Total Other Income
06-01-00-00-0002,Rent Income,ايراد محقق من تاجير محلات,Ledger,P/L,Credit,Other Income,Total Other Income
06-01-00-00-0003,Cash Discount Received,ايراد محقق من خصم نقدي مكتسب,Ledger,P/L,Credit,Other Income,Total Other Income
06-01-00-00-0004,Marketing Support income,ايراد محقق من دعم تسويقي,Ledger,P/L,Credit,Other Income,Total Other Income
06-01-00-00-0005,Pharmacist Incentives Income,ايراد محقق من تحفيز صيادلة,Ledger,P/L,Credit,Other Income,Total Other Income
06-01-00-00-0006,Opening Fees Income,ايراد محقق من رسوم ادخال اصناف,Ledger,P/L,Credit,Other Income,Total Other Income
06-01-00-00-0007,Gondola Fees Income,ايراد محقق من تاجير جندولا,Ledger,P/L,Credit,Other Income,Total Other Income
06-01-00-00-0008,Listing Fees Income,ايراد محقق من رسوم القائمة,Ledger,P/L,Credit,Other Income,Total Other Income
06-01-00-00-0009,Space Rent Income,ايراد محقق من تاجير اماكن داخلية,Ledger,P/L,Credit,Other Income,Total Other Income
06-01-00-00-0010,Advertisement & Promotion Income,ايراد محقق من دعاية ترويجية داخلية,Ledger,P/L,Credit,Other Income,Total Other Income
06-01-00-00-0011,Delivery Charges Income,ايراد محقق من خدمات تسليم البضاعة,Ledger,P/L,Credit,Other Income,Total Other Income
06-01-00-00-0012,Storage Income,ايراد محقق من خدمات تخزين البضاعة,Ledger,P/L,Credit,Other Income,Total Other Income
06-01-00-00-0013,Scrap Sales Income,ايراد محقق من بيع السكراب,Ledger,P/L,Credit,Other Income,Total Other Income
06-01-00-00-0014,Murabaha Income,ايراد محقق من مرابحات اسلامية,Ledger,P/L,Credit,Other Income,Total Other Income
06-01-00-00-0015,Service on Behalf Income,ايراد محقق من خدمات بالانابة عن الغير,Ledger,P/L,Credit,Other Income,Total Other Income
06-01-00-00-0016,HRDF Income,ايراد محقق من صندوق تنمية الموارد البشرية,Ledger,P/L,Credit,Other Income,Total Other Income
06-01-00-00-0017,Insurance Compensation Income,ايراد محقق من تعويض شركات التامين,Ledger,P/L,Credit,Other Income,Total Other Income
06-01-00-00-0018,Profit and Loss - Actuarial,ارباح وخسائر اكتواري,Ledger,P/L,Credit,Other Income,Total Other Income
06-02-00-00-0000,Total Other Expenses,اجمالي مصروفات اخرى,Group,P/L,Debit,Other Expenses,Total Other Income & Expenses
06-02-00-00-0001,Store Closing Expenses,اعباء ناتجه عن اقفال مواقع,Ledger,P/L,Debit,Other Expenses,Total Other Expenses
06-02-00-00-0002,Board Member Benefits,مكافئات اعضاء مجلس الادارة,Ledger,P/L,Debit,Other Expenses,Total Other Expenses
06-02-00-00-0003,other expenses,مصروفات متنوعة,Ledger,P/L,Debit,Other Expenses,Total Other Expenses
07-00-00-00-0000,Total Profit/Loss on Asset Disp,اجمالي ارباح او خسائر بيع اصول ثابتة,Group,P/L,Debit,Other Expenses,Total Other Expenses
07-00-00-00-0001,Profit / Loss on Disposal of Land,ارباح او خسائر بيع اصول ثابتة - اراضي,Ledger,P/L,Debit,Other Expenses,Total Profit/Loss on Asset Disp
07-00-00-00-0002,Profit / Loss on Disposal of Buildings,ارباح او خسائر بيع اصول ثابتة - مباني,Ledger,P/L,Debit,Other Expenses,Total Profit/Loss on Asset Disp
07-00-00-00-0003,Profit/Loss on Disposal of Leasehold Improvements,ارباح او خسائر بيع اصول ثابتة - تجهيزات وتحسينات,Ledger,P/L,Debit,Other Expenses,Total Profit/Loss on Asset Disp
07-00-00-00-0004,Profit / Loss on Disposal of Air Conditions,ارباح او خسائر بيع اصول ثابتة - مكيفات,Ledger,P/L,Debit,Other Expenses,Total Profit/Loss on Asset Disp
07-00-00-00-0005,Profit/Loss on Disposal of Machinery & Equipment,ارباح او خسائر بيع اصول ثابتة - الات ومعدات,Ledger,P/L,Debit,Other Expenses,Total Profit/Loss on Asset Disp
07-00-00-00-0006,Profit/Loss on Disposal of Furniture & Fixture Dep,ارباح او خسائر بيع اصول ثابتة - اثاث ومفروشات,Ledger,P/L,Debit,Other Expenses,Total Profit/Loss on Asset Disp
07-00-00-00-0007,Profit / Loss on Disposal of Office Equipment,ارباح او خسائر بيع اصول ثابتة - معدات مكتبية,Ledger,P/L,Debit,Other Expenses,Total Profit/Loss on Asset Disp
07-00-00-00-0008,Profit / Loss on Disposal of Computer HW & SW,ارباح او خسائر بيع اصول ثابتة- جهزة وبرامج كمبيوتر,Ledger,P/L,Debit,Other Expenses,Total Profit/Loss on Asset Disp
07-00-00-00-0009,Profit / Loss on Disposal of Tools,ارباح او خسائر بيع اصول ثابتة - عدد وادوات,Ledger,P/L,Debit,Other Expenses,Total Profit/Loss on Asset Disp
07-00-00-00-0010,Profit / Loss on Disposal of Motor Vehicles,ارباح او خسائر بيع اصول ثابتة - سيارات,Ledger,P/L,Debit,Other Expenses,Total Profit/Loss on Asset Disp
08-00-00-00-0000,Total Interest and Taxes,اجمالي الفوائد والضرائب,Group,P/L,Debit,Other Expenses,
08-01-00-00-0000,Total Interest,اجمالي مصروفات فوائد بنكية,Group,P/L,Debit,Other Expenses,Total Interest and Taxes
08-01-00-00-0001,Overdraft Charges,فوائد سحب على المكشوف,Ledger,P/L,Debit,Other Expenses,Total Interest
08-01-00-00-0002,Loan Interest,فوائد قروض,Ledger,P/L,Debit,Other Expenses,Total Interest
08-01-00-00-0003,Bank Facility Fees,رسوم تسهيلات بنكية,Ledger,P/L,Debit,Other Expenses,Total Interest
08-01-00-00-0004,Murabaha Financial Charge,رسوم مرابحات اسلامية,Ledger,P/L,Debit,Other Expenses,Total Interest
08-01-00-00-0005,Extensions and Early Payment Fees,رسوم تاخير السداد,Ledger,P/L,Debit,Other Expenses,Total Interest
08-01-00-00-0006,Interest on Financing Lease,فوائد تاجير تمويلي,Ledger,P/L,Debit,Other Expenses,Total Interest
08-01-00-00-0007,Discounting Interest Exp,مصروف الفائدة,Ledger,P/L,Debit,Other Expenses,Total Interest
08-01-00-00-0008,Finance Charge,مصاريف متابعة تمويل,Ledger,P/L,Debit,Other Expenses,Total Interest
08-02-00-00-0000,Total Taxes,اجمالي زكاة وضرائب,Group,P/L,Debit,Other Expenses,Total Interest and Taxes
08-02-00-00-0001,Zakat Expense,زكاة شرعية,Ledger,P/L,Debit,Other Expenses,Total Taxes
08-02-00-00-0002,Withholding Tax Expense,ضريبة استقطاع من المنبع,Ledger,P/L,Debit,Other Expenses,Total Taxes
08-02-00-00-0003,VAT Expense,ضريبة القيمة المضافة,Ledger,P/L,Debit,Other Expenses,Total Taxes
