100000000000,الأصــــــــــــول,Assets,0,0,0,0,
101000000000,الأصول المتداوله,Current Assets,10,0,0,0,
101010000000,النقد بالصناديق والبنوك,Cash in funds and banks,10,10,0,0,
101010100000,النقد بالصناديق,Cash in funds,10,10,10,0,
101010101000,النقد بالصناديق - رتاج,Cash in Funds - Retaj,10,10,10,1000,
101010101001,النقد بالصناديق - رتاج المركز الرئيسى,Cash in funds - Ritaj Headquarters,10,10,10,1001,
101010101002,النقد بالصناديق - رتاج صيدلية مملكة العلاج (العثيم ),Cash in Funds - Mamlakat Al Elaj (Al-Othaim),10,10,10,1002,
101010101003,النقد بالصناديق - رتاج صيدلية سماء ( سلة الدواء),Cash in Funds - Sama PH (Salit Aldawa),10,10,10,1003,
101010101004,النقد بالصناديق - رتاج صيدلية  10 لاغى,Cash in Funds - Retaj Pharmacy 10,10,10,10,1004,
101010101005,النقد بالصناديق - رتاج صيدلية 4,Cash in Funds - Retaj Pharmacy 4,10,10,10,1005,
101010101006,النقد بالصناديق - رتاج ص وصفات الطب 10,Cash in Funds - Retaj PH ( Wasaft Altab 10 ),10,10,10,1006,
101010101007,النقد بالصناديق - رتاج مملكة العلاج 21 النزهة,Cash in Funds - Retaj - ( Mamlaket Al Elaj 21 Al-Nuzha),10,10,10,1007,
101010101008,النقد بالصناديق -صحة اباس 2,Cash in funds - Sahat Abas 2,10,10,10,1008,
101010101009,النقد بالصناديق صيدلية وصفات 6,Cash in funds - Wasafat 6,10,10,10,1009,
101010101010,النقد بالصناديق صيدلية ابعاد 1,Cash in funds -  Abad PH 1,10,10,10,1010,
101010101011,النقد بالصناديق المستودع الرئيسي,Cash in funds - main warehouse,10,10,10,1011,
101010101012,النقد بالصناديق - صيدلية رتاج الدواء,Cash in funds - Retaj Al-Dawaa PH,10,10,10,1012,
101010101013,النقد بالصناديق صيدلية رتاج الصحة 1,Cash in funds - Retaj PH 1,10,10,10,1013,
101010101014,النقد بالصناديق - صيدلية رتاج الثانية للادوية,Cash in funds - Retaj PH 2,10,10,10,1014,
101010101015,النقد بالصناديق - صيدلية رتاج الثالثة للادوية,Cash in funds - Retaj PH 3,10,10,10,1015,
101010200000,النقد بالبنوك,Bank cash,10,10,20,0,
101010201000,النقد بالبنوك- شركة رتاج,Cash in banks - Retaj Company,10,10,20,1000,
101010201001, شركة رتاج مصرف الراجحي حـ /111111111,Al-Rajhi bank - Retaj 111111111,10,10,20,1001,
101010201002,حـ/ الشبكات شركة رتاج,Networks of Retaj Company,10,10,20,1002,
101010201003,مصرف الإنماء شركة رتاج الصحة  ح/ 67100510000891181001,Alinma Bank - Retaj 67100510000891181001,10,10,20,1003,
101010201004,شركة رتاج الصحة مصرف الانماء 68201498351000,Alinma Bank - Retaj  68201498351000,10,10,20,1004,
101010300000,عهد نقدية,Petty cash (Pharmacies),10,10,30,0,
101010301000,العهد النقدية - شركة رتاج,Petty cash - Retaj Com.,10,10,30,1000,
101010301001,العهد النقدية - شركة رتاج المركز الرئيسي,Petty cash - Main branch,10,10,30,1001,
101010301002,العهد النقدية - شركة رتاج صيدلية مملكة العلاج 21 (العثيم ),Petty cash - Mamlaket Al Elaj 21 (Alotham),10,10,30,1002,
101010301003,العهد النقدية - شركة رتاج صيدلية سماء (سلة الدواء),Petty cash -  Sama PH (Salit Aldawa),10,10,30,1003,
101010301004,العهد النقدية - شركة رتاج صيدلية وصفات 4,Petty cash -  Retaj Pharmacy 4,10,10,30,1004,
101010301005,العهد النقدية صيدلية شركة رتاج صيدلية وصفات الطب  10,Petty cash -  Retaj PH ( Wasaft Altab 10 ),10,10,30,1005,
101010301006,العهد النقدية - شركة رتاج وصفات الطب 2 نزهة,Petty cash - Retaj ( Mamlaket Al Elaj 21 Al-Nuzha),10,10,30,1006,
101010301007,العهد النقدية - صحة اباس 2,Petty cash -  Sahat Abas 2,10,10,30,1007,
101010301008,العهد النقدية صيدلية وصفات 2,Petty cash -  Wasafat PH 2,10,10,30,1008,
101010301009,العهد النقدية صيدلية وصفات 6,Petty cash -  Wasafat PH 6,10,10,30,1009,
101010301010,عهدة نقدية صيدلية رتاج الدواء,Petty cash -  Retaj Al-Dawaa PH,10,10,30,1010,
101010301011,عهدة نقدية - صيدلية رتاج الصحة 1,Petty cash - Retaj PH 1,10,10,30,1011,
101010301012,العهد النقدية - صيدلية رتاج الثالثة,Petty cash - Retaj PH 3,10,10,30,1012,
101010301013,العهد النقدية - صيدلية رتاج الثانية,Petty cash - Retaj PH 2,10,10,30,1013,
101010400000,العهد الشخصيه,Petty cash (Employees),10,10,40,0,
101010401000,العهد الشخصيه رتاج,Personal covenant Retaj,10,10,40,1000,
101010401001,عهده حسين البطحاء,Petty Cash -  Hussein Al-Batha,10,10,40,1001,
101010401002,عهدة / نادر العشري,Petty Cash -   Nader El-Ashry,10,10,40,1002,
101010401003,عهدة ساري الشمري,Petty Cash -  Sari Al-Shammari,10,10,40,1003,
101010401004,عهده كريم ( احمد سيف سابقا),Petty Cash -  Karim (formerly Ahmed Seif),10,10,40,1004,
101010401005,د محمد عبد الحميد النجار,Petty Cash -Dr. Mohamed Abdel Hamid Al-Najjar,10,10,40,1005,
101010401006,عهدة الأستاذ/ خالد المقيل,Petty Cash -Khaled Al-Muqeel,10,10,40,1006,
101010401007,عهده ا /مدحت,Petty Cash -I praised,10,10,40,1007,
101010401008,عهدة نقدية مجدي العدل,Petty Cash -   Magdi El Adl,10,10,40,1008,
101010401009,عهدة ا / امين,Petty Cash -  Amen,10,10,40,1009,
101010401010,عهدة محمود صيانه,Petty Cash -  Mahmoud Sayana,10,10,40,1010,
101010401011,عهدة ا / حسين,Petty Cash -  Hussein,10,10,40,1011,
101010401012,عهدة نقدية احمد غراب,Petty Cash -   Ahmed Ghorab,10,10,40,1012,
101010401013,كرم أحمد السيد,Petty Cash -Karam Ahmed El-Sayed,10,10,40,1013,
101010401014,عهدة أحمد سيف-خزينة رتاج الصحة,Petty Cash -  Ahmed Seif,10,10,40,1014,
101010401015,عهدة د. أحمد ربيع,Petty Cash -  Dr.. Ahmed Rabie,10,10,40,1015,
101020000000,العملاء,Customers,10,20,0,0,
101020100000,عملاء,Customers 1,10,20,10,0,
101020101000,عملاء رتاج,Retaj customers,10,20,10,1000,
101040000000,المخزون,Inventory,10,40,0,0,
101040200000,مخزون الصيدليات,Pharmacies Inventory,10,40,20,0,
101040201000,مخزون  الصيدليات  - شركة رتاج,Pharmacies Inventory - Retaj Company,10,40,20,1000,
101040201001,مخزون صيدلية مملكة العلاج 21 (العثيم),Pharmacies Inventory - Mamlakat Al Elaj (Al-Othaim),10,40,20,1001,
101040201002,مخزون صيدلية  سماء (سلة الدواء) رتاج,Pharmacies Inventory - Sama PH (Salit Aldawa),10,40,20,1002,
101040201003,مخزون صيدلية وصفات 10 رتاج- لاغى,Pharmacies Inventory - Retaj Pharmacy 10 (Canceled),10,40,20,1003,
101040201004,مخزون صيدلية وصفات 4 رتاج,Pharmacies Inventory - Retaj Pharmacy 4,10,40,20,1004,
101040201005,مخزون ص وصفات الطب 10 رتاج,Pharmacies Inventory - Retaj PH ( Wasaft Altab 10 ),10,40,20,1005,
101040201006,مخزون صيدلية وصفات الطب 2 النزهة,Pharmacies Inventory - Retaj - ( Mamlaket Al Elaj 21 Al-Nuzha),10,40,20,1006,
101040201007,مخزون صيدلية اباس (2),Pharmacies Inventory - Sahat Abas 2,10,40,20,1007,
101040201008,مخزون صيدلية وصفات 2,Pharmacies Inventory - Wasafat 2,10,40,20,1008,
101040201009,مخزون صيدلية وصفات 6,Pharmacies Inventory - Wasafat 6,10,40,20,1009,
101040201010,مخزون - صيدلية  ابعاد الصحة 1,Pharmacies Inventory -  Abad PH 1,10,40,20,1010,
101040201011,مخزون الصيدليات صيدلية وصفات 2,Pharmacies Inventory - Wasafat 2,10,40,20,1011,
101040201012,مخزون الصيدليات - صيدلية رتاج الدواء,Pharmacies Inventory - Retaj Al-Dawaa PH,10,40,20,1012,
101040201013,مخزون الصيدليات - صيدلية رتاج الصحة 1,Pharmacies Inventory - Retaj PH 1,10,40,20,1013,
101040201014,مخزون الصيدليات - صيدلية رتاج الثانية للادوية,Pharmacies Inventory - Retaj PH 2,10,40,20,1014,
101040201015,مخزون الصيدليات - صيدلية رتاج الثالثة للادوية,Pharmacies Inventory - Retaj PH 3,10,40,20,1015,
101040300000,المستودعات,Warehouses,10,40,30,0,
101040301000,مستودعات رتاج,Retaj warehouses,10,40,30,1000,
101040301001,مخزون المستودع الرئسيى بالسلى,Main warehouse inventory ( Sulay ),10,40,30,1001,
101040301002, مخزون مستودع الرئيسي 2,Main warehouse inventory 2,10,40,30,1002,
101060000000,مدينون وأرصدة مدينة أخرى,Debits and other debit balances,10,60,0,0,
101060100000,سلف عاملين,Employee Loan,10,60,10,0,
101060101000,سلف العاملين رتاج,Employee Loan - Retaj,10,60,10,1000,
101060500000,دفعات مقدمة,Advance payments,10,60,50,0,
101060501000,دفعات مقدمة - مؤسسة الغالب للمقاولات - رتاج,Advance payments - Al-Ghalib Contracting Est. - Retaj,10,60,50,1000,
101060600000,اعتمادات مستندية,Letters of credit,10,60,60,0,
101060601000,اعتمادات مستندية - رتاج,Documentary Credits - Retaj,10,60,60,1000,
101060900000,ضريبة القيمة المضافه علي المدخلات,Value added tax on inputs,10,60,90,0,
101060901000,ضريبة القيمة المضافه علي المدخلات رتاج,Value Added Tax on Purchase ( Retaj ),10,60,90,1000,
101061100000,مدينون اخرون,Other Debiters,10,61,10,0,
101061101000,مدينون اخرون - شركة رتاج,Other Debiters - Retaj,10,61,10,1000,
101061101001,مدينون اخرون - محمد البراوي,Other Debiters - Muhammad Al-Barawi,10,61,10,1001,
101061101002,مدينون اخرون - شركة اضواء الوافي,Other Debiters - Adwaa Al-Wafi Company,10,61,10,1002,
101061101003,مستودع الفادر,Other Debiters - Al-Fader Warehouse,10,61,10,1003,
101061101004,مدينون اخرون - د/ عادل سري,Other debtors - Dr. Adel Serry,10,61,10,1004,
101061101005,تأسيس صيدليات ابعاد,Other Debiters - Establishment of Abaad Pharmacies,10,61,10,1005,
101061101006,صيدلية الملز الوطنية,Other Debiters - Malaz National Pharmacy,10,61,10,1006,
101061101007,صيدلية ترياق العلاج,Other Debiters - Tariaq Pharmacy,10,61,10,1007,
101061101008,صيدلية ديوان الدواء,Other Debiters - Diwan Al-Dawaa Pharmacy,10,61,10,1008,
101070000000,مصاريف مدفوعة مقدما,Prepaid expenses,10,70,0,0,
101070100000, ايجارات مدفوعة مقدما,Prepaid expenses - Rent,10,70,10,0,
101070101000, ايجارات مدفوعة مقدما - رتاج,Prepaid expenses - Rent ( Retaj ),10,70,10,1000,
101070101001, ايجار مقدم مستودع السلى,Prepaid expenses - Rent ( Suly Wharehouse ),10,70,10,1001,Pharmacies Inventory - Mamlakat Al Elaj (Al-Othaim)
101070101002,ايجار مقدم رتاج -صيدلية مملكة العلاج (العثيم سابقا),Prepaid expenses - Rent ( Mamlakat Al Elaj (Al-Othaim) ),10,70,10,1002,Pharmacies Inventory - Sama PH (Salit Aldawa)
101070101003, ايجار مقدم رتاج صيدلية سلة الدواء,Prepaid expenses - Rent ( Salit Aldawa ),10,70,10,1003,Pharmacies Inventory - Retaj Pharmacy 10 (Canceled)
101070101004, ايجار مقدم رتاج صيدلية وصفات 10,Prepaid expenses - Rent ( Wasaft 10 ),10,70,10,1004,Pharmacies Inventory - Retaj Pharmacy 4
101070101005, ايجار مقدم رتاج صيدلية وصفات 4,Prepaid expenses - Rent ( Wasaftat 4 ),10,70,10,1005,Pharmacies Inventory - Retaj PH ( Wasaft Altab 10 )
101070101006,ايجار مقدم استراحة حي اليرموك,Prepaid expenses - Rent ( Yarmouk Rest ),10,70,10,1006,Pharmacies Inventory - Retaj - ( Mamlaket Al Elaj 21 Al-Nuzha)
101070101007,ايجار مقدم شقة 4 يرموك الدمام -عزاب,"Prepaid expenses - Rent ( Apartment 4, Yarmouk, Dammam )",10,70,10,1007,Pharmacies Inventory - Sahat Abas 2
101070101008,ايجار مقدم ملحق غرناطة الشرقية سارة الغانم,Prepaid expenses - Rent ( Retaj ),10,70,10,1008,Pharmacies Inventory - Wasafat 2
101070101009,ايجار مقدم مستودع زمزم ش بن ماجه,Prepaid expenses - Rent ( Retaj ),10,70,10,1009,Pharmacies Inventory - Wasafat 6
101070101010,ايجار مقدم شقة حي اليرموك بجوار البنك الأهلي,Prepaid expenses - Rent ( Retaj ),10,70,10,1010,Pharmacies Inventory -  Abad PH 1
101070101011,ايجار مقدم صيدلية حي النزهة,Prepaid expenses - Rent ( Retaj ),10,70,10,1011,Pharmacies Inventory - Wasafat 2
101070101012,ايجار مقدم صيدلية صحة آباس 2- القدس,Prepaid expenses - Rent ( Retaj ),10,70,10,1012,Pharmacies Inventory - Retaj Al-Dawaa PH
101070101013, ايجارات مدفوعة مقدما - صيدلية بدون اسم,Prepaid expenses - Rent ( Retaj ),10,70,10,1013,Pharmacies Inventory - Retaj PH 1
101070101014, ايجارات مدفوعة مقدما - رتاج - شقه موظفين المستودع - المزيد,Prepaid expenses - Rent ( Retaj ),10,70,10,1014,Pharmacies Inventory - Retaj PH 2
101070101015,ايجارات مقدمة - مجمعه - رتاج,Prepaid expenses - Rent ( Retaj ),10,70,10,1015,Pharmacies Inventory - Retaj PH 3
101070101016,ايجارات مدفوعة مقدما - شقة الموظفين المنفوحه,Prepaid expenses - Rent ( Retaj ),10,70,10,1016,
101070101017,ايجارات مدفوعة مقدما - مستودع رتاج _ الحائر ),Prepaid expenses - Rent ( Retaj ),10,70,10,1017,
101070101018,ايجارات مدفوعه مقدما - مكتب العليا,Prepaid expenses - Rent ( Retaj ),10,70,10,1018,
101070101019,ايجارات مدفوعة مقدما صيدلية ابعاد 1,Prepaid expenses - Rent ( Retaj ),10,70,10,1019,
101070101020,ايجار مدفوع مقدما - صيدلية رتاج الدواء,Prepaid expenses - Rent ( Retaj ),10,70,10,1020,
101070101030,ايجار مدفوع مقدما ص رتاج الصحة 1,Prepaid expenses - Rent ( Retaj PH 1 ),10,70,10,1030,
101070101031,ايجار مدفوع مقدما - صيدلية رتاج الثانية,Prepaid expenses - Rent ( Retaj PH 2 ),10,70,10,1031,
101070101032,ايجار مدفوع مقدما - صيدلية رتاج الثالثة,Prepaid expenses - Rent ( Retaj PH 3 ),10,70,10,1032,
101070200000,تأمين حريق وسرقة مدفوع مقدم,,10,70,20,0,
101070201000,تأمين مدفوع مقدم رتاج,,10,70,20,1000,
101070201001,تأمين مدفوع مقدم صيدلية بندر,,10,70,20,1001,
101070201002,تأمين مدفوع مقدم صيدلية وصفات الطب 2 (النزهة),,10,70,20,1002,
101070201003,تأمين مدفوع مقدم صيدلية وصفات 10,,10,70,20,1003,
101070201004,تأمين مدفوع مقدم صيدلية وصفات 4,,10,70,20,1004,
101070201005,تأمين مقدم شقة حي اليرموك - ط الدمام,,10,70,20,1005,
101070201006,تأمين مقدم ملحق غرناطة الشرقية,,10,70,20,1006,
101070201007,تأمين عام مقدم رتاج,,10,70,20,1007,
101070201008,تأمين مقدم مستودع رتاج,,10,70,20,1008,
101070300000,بدل سكن مدفوع مقدم,,10,70,30,0,
101070301000,بدل سكن مدفوع مقدم - رتاج,,10,70,30,1000,
101070400000,تأمين طبي مقدم,,10,70,40,0,
101070401000,تامين طبي مقدم - رتاج,,10,70,40,1000,
101070401001,تأمين طبي مقدم - رتاج,,10,70,40,1001,
101070500000,تأمين سيارات مقدم,,10,70,50,0,
101070501000,تامين سيارات مقدم رتاج,,10,70,50,1000,
101070600000,رخص بلدية مقدمة,,10,70,60,0,
101070601000,رخص بلدية مقدة رتاج,,10,70,60,1000,
101070700000,دفعات تجهيز صيدليات,,10,70,70,0,
101070701000,دفعات تجهيز صيدليات رتاج,,10,70,70,1000,
101070800000,تجديد سجلات تجارية,,10,70,80,0,
101070801000,تجديد سجل شركة ابعاد الصحة,,10,70,80,1000,
101070900000,تجديد سجلات,,10,70,90,0,
101070901000,تجديد سجلات تجارية رتاج,,10,70,90,1000,
101071000000,مصاريف صيانة مدفوعة مقدما,,10,71,0,0,
101071001000,مصاريف مدفوعة مقدما - صيانة البرامج,,10,71,0,1000,
101072000000,مصاريف صيانة مقدمة - أخرى,,10,72,0,0,
101072001000,مصاريف مدفوعة مقدما - أخرى,,10,72,0,1000,
101080000000,مصاريف وقود سيارات مدفوعة مقدما,,10,80,0,0,
101080100000,مصاريف وقود سيارات مدفوعه مقدما,,10,80,10,0,
101080101000,مصاريف وقود سيارات مدفوعة مقدما,,10,80,10,1000,
101090000000,مشاريع تحت التنفيذ,,10,90,0,0,
103000000000,الأصول الغير متداولة,,30,0,0,0,
103010000000,الأصول الثابتة,,30,10,0,0,
103010100000,أراضــــــي,,30,10,10,0,
103010101000,أراضــــــي - رتاج,,30,10,10,1000,
103010101001,اراضى رتاج ؟؟؟؟,,30,10,10,1001,
103010200000,مــــبـــاني,,30,10,20,0,
103010201000,مــــبـــاني - رتاج,,30,10,20,1000,
103010201001,مــــبـــاني - رتاج ؟؟؟,,30,10,20,1001,
103010300000,ســــيــارات,,30,10,30,0,
103010301000,ســــيــارات - رتاج,,30,10,30,1000,
103010301001,ســــيــارات - رتاج ؟؟؟,,30,10,30,1001,
103010400000,أجهزة مكتبية,,30,10,40,0,
103010401000,أجهزة مكتبية - رتاج,,30,10,40,1000,
103010401001,أجهزة مكتبية - رتاج ؟؟؟,,30,10,40,1001,
103010500000,أثاث مكتبي,,30,10,50,0,
103010501000,اثاث واجهزة مكتبية - رتاج,,30,10,50,1000,
103010501001,اثاث واجهزة مكتبية - رتاج,,30,10,50,1001,
103010600000,أثاث منزلي,,30,10,60,0,
103010601000,أثاث منزلي - رتاج,,30,10,60,1000,
103010601001,أثاث منزلي - رتاج ؟؟؟,,30,10,60,1001,
103010700000,برامج كمبيوتر وانظمة,,30,10,70,0,
103010701000,اجهزة كمبيوتر وانظمة  - رتاج,,30,10,70,1000,
103010701001,اجهزة كمبيوتر وانظمة  - رتاج,,30,10,70,1001,
103010800000,ماكينات تصوير,,30,10,80,0,
103010801000,ماكينات تصوير  - رتاج,,30,10,80,1000,
103010801001,ماكينات تصوير - شركة رتاج,,30,10,80,1001,
103010900000,أجهزة كمبيوتر,,30,10,90,0,
103010901000,أجهزة كمبيوتر - رتاج,,30,10,90,1000,
103011000000,أجهزة تكييف,,30,11,0,0,
103011001000,اجهزة كهربائية وتكييف رتاج,,30,11,0,1000,
103011100000,أجهزة كهربائية,,30,11,10,0,
103011101000,أجهزة كهربائية  رتاج,,30,11,10,1000,
103011200000,تجهيزات,,30,11,20,0,
103011201000,تجهيزات رتاج,,30,11,20,1000,
103011300000,نفقات ايرادية مؤجلة,,30,11,30,0,
103011301000,نفقات ايرادية مؤجلة رتاج,,30,11,30,1000,
103020000000,الاصول الغير ملموسه,,30,20,0,0,
103020100000,شهرة المحل,,30,20,10,0,
103020101000,شهرة المحل - رتاج,,30,20,10,1000,
103020101001,شهرة المحل - رتاج ص النزهة,,30,20,10,1001,
103020101002,شهرة المحل - شركة مستودع رتاج,,30,20,10,1002,
103020101003,شهرة المحل - رتاج ص 10,,30,20,10,1003,
103020101004,شهرة المحل - رتاج ص 4,,30,20,10,1004,
103020101005,شهرة المحل-رتاج ص وصفات الطب 10,,30,20,10,1005,
103020101006,شهرة المحل-رتاج ص مملكة العلاج,,30,20,10,1006,
103020101007,شهرة المحل-رتاج ص سما الدواء,,30,20,10,1007,
103020200000,مصاريف تأسيس,,30,20,20,0,
103020201000,مصاريف تأسيس رتاج,,30,20,20,1000,
103020300000,تجهيزات,,30,20,30,0,
103020301000,تجهيزات رتاج,,30,20,30,1000,
103030000000,حساب الاستثمارات,,30,30,0,0,
103030100000,حساب الأستثمارات,,30,30,10,0,
103030101000,استثمارات- رتاج,,30,30,10,1000,
104000000000,مجمع الإهـــلاك,,40,0,0,0,
104010000000,مجمع الاهلاك,,40,10,0,0,
104010100000,مجمع اهلاك مباني,,40,10,10,0,
104010101000,مجمع اهلاك مباني - رتاج,,40,10,10,1000,
104010101001,مجمع اهلاك مباني - رتاج؟؟؟,,40,10,10,1001,
104010200000,مجمع اهلاك سيارات,,40,10,20,0,
104010201000,مجمع اهلاك سيارات - رتاج,,40,10,20,1000,
104010201001,مجمع اهلاك سيارات - رتاج,,40,10,20,1001,
104010300000,مجمع إهلاك اجهزة مكتبية,,40,10,30,0,
104010301000,مجمع إهلاك اجهزة مكتبية - رتاج,,40,10,30,1000,
104010301001,مجمع إهلاك اجهزة مكتبية - رتاج ؟؟؟؟,,40,10,30,1001,
104010400000,مجمع اهلاك أثاث مكتبي,,40,10,40,0,
104010401000,مجمع اهلاك أثاث مكتبي - رتاج,,40,10,40,1000,
104010401001,مجمع اهلاك أثاث مكتبي - رتاج ؟؟؟,,40,10,40,1001,
104010500000,مجمع اهلاك أثاث منزلي,,40,10,50,0,
104010501000,مجمع اهلاك أثاث منزلي - رتاج,,40,10,50,1000,
104010501001,مجمع اهلاك أثاث منزلي - رتاج؟؟؟,,40,10,50,1001,
104010600000,مجمع اهلاك برامج كمبيوتر وانظمة,,40,10,60,0,
104010601000,مجمع اهلاك أجهزة كمبيوتر وأنظمة - رتاج,,40,10,60,1000,
104010601001,مجمع اهلاك أجهزة كمبيوتر وأنظمة,,40,10,60,1001,
104010700000,مجمع اهلاك ماكينات تصوير,,40,10,70,0,
104010701000,مجمع اهلاك ماكينات تصوير  رتاج,,40,10,70,1000,
104010701001,مجمع اهلاك ماكينات تصوير رتاج,,40,10,70,1001,
104010800000,مجمع اهلاك أجهزة كمبيوتر,,40,10,80,0,
104010801000,مجمع اهلاك اجهزة كمبيوتر  - رتاج,,40,10,80,1000,
104010801001,مجمع اهلاك اجهزة كمبيوتر رتاج,,40,10,80,1001,
104010900000,مجمع إ هلاك أجهزة تكييف,,40,10,90,0,
104010901000,مجمع اهلاك أجهزة تكييف رتاج,,40,10,90,1000,
104010901001,مجمع إهلاك اجهزة تكييف رتاج,,40,10,90,1001,
104011000000,مجمع اهلاك أجهزة كهربائية,,40,11,0,0,
104011001000,مجمع اهلاك اجهزة كهربائية وتكييف رتاج,,40,11,0,1000,
104011001001,مجمع اهلاك اجهزة كهربائية وتكييف رتاج,,40,11,0,1001,
104011100000,مجمع اهلاك تحسينات غير مملوكة,,40,11,10,0,
104011101000,مجمع اهلاك تحسينات غير مملوكة رتاج,,40,11,10,1000,
104011101001,مجمع اهلاك تحسينات غير مملوكة رتاج,,40,11,10,1001,
104011200000,مجمع اطفاء مصاريف تأسيس,,40,11,20,0,
104011201000,مجمع اطفاء مصاريف تأسيس رتاج,,40,11,20,1000,
104011300000,مجمع الاهلاك تجهيزات,,40,11,30,0,
104011301000,مجمع الاهلاك تجهيزات رتاج,,40,11,30,1000,
104020000000,مجمع إطفاء الشهرة,,40,20,0,0,
104020100000,مجمع إطفاء شهرة,,40,20,10,0,
104020101000,مجمع اطفاء شهرة صيدليات رتاج,,40,20,10,1000,
104020101001,مجمع اطفاء شهرة مستودع رتاج,,40,20,10,1001,
104020101002,مجمع اطفاء شهرة صيدلية  النزهه رتاج,,40,20,10,1002,
104020101003,مجمع اطفاء شهرة صيدلية 10 رتاج,,40,20,10,1003,
104020101004,مجمع اطفاء شهرة صيدلية 4 رتاج,,40,20,10,1004,
104020101005,مجمع اطفاء شهرة صيدلية مملكة العلاج,,40,20,10,1005,
104020101006,مجمع اطفاء شهرة صيدلية سماء الدواء,,40,20,10,1006,
200000000000,الخصـــــــــــــوم,,0,0,0,0,
201000000000,الخصوم المتداولة,,10,0,0,0,
201010000000,حسابات بنكية دائنة,,10,10,0,0,
201010100000,حسابات بنكية دائنة,,10,10,10,0,
201010101000,حسابات بنكية دائنة رتاج,,10,10,10,1000,
201010101001,حسابات بنكية دائنة رتاج ؟؟؟,,10,10,10,1001,
201010200000,قروض قصيرة الأجل,,10,10,20,0,
201010201000,قروض قصيرة الأجل رتاج,,10,10,20,1000,
201010201001,قروض قصيرة الأجل رتاج ؟؟؟,,10,10,20,1001,
201010300000,أوراق دفع,,10,10,30,0,
201010301000,أوراق دفع - رتاج,,10,10,30,1000,
201020000000,دائـــــنـــــــون,,10,20,0,0,
201020100000,مورديين خارجين,,10,20,10,0,
201020101000,مورديين خارجين رتاج,,10,20,10,1000,
201020200000,موردين محليين,,10,20,20,0,
201020201000,موردين محليين رتاج,,10,20,20,1000,
201020300000,موردى  خدمات و اصول,,10,20,30,0,
201020301000,موردى خدمات واصول - رتاج,,10,20,30,1000,
201020400000,دائنون أخرون,,10,20,40,0,
201020401000,دائنون أخرون رتاج,,10,20,40,1000,
201020401001,دائنون أخرون رتاج- الإدارة القديمة,,10,20,40,1001,
201020401002,دائنون أخرون رتاج- بندر العتيبى,,10,20,40,1002,
201020401003,فيصل محمد دخيل السمران,,10,20,40,1003,
201020401004,دائنون موردون,,10,20,40,1004,
201020401005,محمد سليمان الأحيدب,,10,20,40,1005,
201020401006,تسويات موردين سما-رتاج,,10,20,40,1006,
201020401007,تسويات موردين -رتاج,,10,20,40,1007,
201020401008,صيدلية رتاج الدواء - اعمال الديكور,,10,20,40,1008,
201020401009,صيدلية دواء الحياة,,10,20,40,1009,
201020600000,ضريبة القيمة المضافه علي المخرجات,,10,20,60,0,
201020601000,ضريبة القيمة المضافه علي المخرجات رتاج,,10,20,60,1000,
201030000000,جهات ذات صلة,,10,30,0,0,
201030100000,جهات ذات صلة,,10,30,10,0,
201030101000,جهات ذات صلة - رتاج,,10,30,10,1000,
201030101001, شركة مستودع فارماء للأدوية,,10,30,10,1001,
201030101002,شر كة رتاج الصحة,,10,30,10,1002,
201030101003,جهات ذات صلة - شركة مصنع فرماء,,10,30,10,1003,
201040000000,ايرادات مقدمة,,10,40,0,0,
201040100000,ايرادات مقدمة,,10,40,10,0,
201040101000,ارصدة دائنة اخري رتاج,,10,40,10,1000,
201040101001,ارصدة دائنة اخري رتاج,,10,40,10,1001,
201040200000,ضمانات مقدمة,,10,40,20,0,
201040201000,ضمانات مقدمة رتاج,,10,40,20,1000,
201040201001,ضمانات مقدمة رتاج؟؟؟,,10,40,20,1001,
201050000000,مصروفات مستحقة,,10,50,0,0,
201050100000,ايجارات مستحقة,,10,50,10,0,
201050101000,ايجارات مستحقة رتاج,,10,50,10,1000,
201050101001,ايجارات مستحقة رتاج؟؟؟,,10,50,10,1001,
201050200000,رواتب مستحقة,,10,50,20,0,
201050201000,  رواتب مستحقة رتاج,,10,50,20,1000,
201050300000,أجازات مستحقة,,10,50,30,0,
201050301000,مخصص أجازات مستحقة رتاج اجازات وتذاكر,,10,50,30,1000,
201050400000,تذاكر سفر مستحقة,,10,50,40,0,
201050401000,مخصص تذاكر سفر مستحقة رتاج,,10,50,40,1000,
201050500000,أتعاب مهنية مستحقة,,10,50,50,0,
201050501000,مصاريف مستحقة  رتاج,,10,50,50,1000,
201050501001,مصاريف مستحقة   رتاج,,10,50,50,1001,
201050600000,تامينات اجتماعية مستحقة,,10,50,60,0,
201050601000,تامينات اجتماعية مستحقة رتاج,,10,50,60,1000,
201050700000,مصروفات مستحقة- تامين طبي,,10,50,70,0,
201050701000,مصروفات مستحقة-تامين طبي رتاج,,10,50,70,1000,
201050800000,حساب الموظفين  ابريل 2018,,10,50,80,0,
201050801000,حساب مستحقات الموظفين (جديد) - رتاج,,10,50,80,1000,
201050900000,ضريبة القيمة المضافه المستحقه,,10,50,90,0,
201050901000,ضريبة القيمة المضافه المستحقه- رتاج,,10,50,90,1000,
201060000000,مخصص مكافأة نهاية الخدمة,,10,60,0,0,
201060100000,مخصص مكافأة نهاية الخدمة,,10,60,10,0,
201060101000,مخصص مكافأة نهاية الخدمة رتاج,,10,60,10,1000,
201070000000,مخصصات مالية,,10,70,0,0,
201070100000,مخصص ديون مشكوك فيها,,10,70,10,0,
201070101000,مخصص ديون مشكوك فيها رتاج,,10,70,10,1000,
201070101001,مخصص ديون مشكوك فيها رتاج ؟؟؟,,10,70,10,1001,
201070200000,مخصص بضاعة راكدة,,10,70,20,0,
201070201000,مخصص بضاعة راكدة رتاج,,10,70,20,1000,
201070201001,مخصص بضاعة راكدة رتاج؟؟؟,,10,70,20,1001,
201070300000,مخصص زكاة,,10,70,30,0,
201070301000,مخصص زكاة رتاج,,10,70,30,1000,
201070301001,مخصص زكاة رتاج؟؟؟,,10,70,30,1001,
201070400000,مخصصات اخرى,,10,70,40,0,
201070401000,مخصصات اخرى رتاج,,10,70,40,1000,
201070401001,مخصصات اخرى رتاج؟؟؟,,10,70,40,1001,
202000000000,خصوم طويلة الأجل,,20,0,0,0,
202010000000,خصوم طويلة الأجل,,20,10,0,0,
202010100000,القروض طويلة الأجل,,20,10,10,0,
202010101000,القروض طويلة الأجل - رتاج,,20,10,10,1000,
202010101001,القروض طويلة الأجل - رتاج؟؟؟,,20,10,10,1001,
202010200000,السنـــــــــدات,,20,10,20,0,
202010201000,السنـــــــــدات رتاج,,20,10,20,1000,
202010201001,السنـــــــــدات رتاج ؟؟؟,,20,10,20,1001,
300000000000,حقوق الملكيــــــه,,0,0,0,0,
301000000000,رأس المــــال,,10,0,0,0,
301010000000,رأس المال,,10,10,0,0,
301010100000,رأس المال,,10,10,10,0,
301010101000,رأس المال - رتاج,,10,10,10,1000,
301010101001,رأس المال - رتاج؟؟؟,,10,10,10,1001,
302000000000,احتياطيات,,20,0,0,0,
302010000000,إحتياطيات,,20,10,0,0,
302010100000,احتياطي قانوني,,20,10,10,0,
302010101000,احتياطي قانوني رتاج,,20,10,10,1000,
302010101001,احتياطي قانوني رتاج؟؟؟,,20,10,10,1001,
302010200000,احتياطيات أخرى,,20,10,20,0,
302010201000,احتياطيات أخرى رتاج,,20,10,20,1000,
302010201001,احتياطيات أخرى رتاج؟؟؟,,20,10,20,1001,
303000000000,جاري الشركاء,,30,0,0,0,
303010000000,جاري الشركاء,,30,10,0,0,
303010100000,جاري الشركاء,,30,10,10,0,
303010101000,جاري الشركاء رتاج,,30,10,10,1000,
303010101001,جاري الشركاء رتاج (الشيخ عبد المحسن ),,30,10,10,1001,
303010101002,جاري الشركاء رتاج (المتحدة ),,30,10,10,1002,
303010101003,جاري الشركاء رتاج (د وهف ),,30,10,10,1003,
303010101004,جاري الشركاء - م/ هاني,,30,10,10,1004,
304000000000,الارباح والخسائر,,40,0,0,0,
304010000000,الارباح والخسائر,,40,10,0,0,
304010100000,أرباح مرحلة,,40,10,10,0,
304010101000,أرباح مرحلة - رتاج,,40,10,10,1000,
304010101001,أرباح مرحلة - شركة رتاج,,40,10,10,1001,
304010200000,أرباح وخسائر العام,,40,10,20,0,
304010201000,أرباح وخسائر العام رتاج,,40,10,20,1000,
304010201001,أرباح وخسائر العام رتاج؟؟؟,,40,10,20,1001,
400000000000,الإيــــــــــــــرادات,,0,0,0,0,
401000000000,المبيعات,,10,0,0,0,
401010000000,المبيعات,,10,10,0,0,
401010100000,مبيعات الصيدليات,,10,10,10,0,
401010101000,مبيعات الصيدليات رتاج,,10,10,10,1000,
401010101001,مبيعات الصيدليات رتاج ص مملكة العلاج,,10,10,10,1001,
401010101002,مبيعات الصيدليات رتاج ص سماء الدواء,,10,10,10,1002,
401010101003,مبيعات الصيدليات رتاج ص وصفات10 لاغى,,10,10,10,1003,
401010101004,مبيعات الصيدليات رتاج ص وصفات4,,10,10,10,1004,
401010101005,مبيعات الصيدليات رتاج ص وصفات الطب 10,,10,10,10,1005,
401010101006,مبيعات الصيدليات رتاج وصفات الطب 2 النزهة,,10,10,10,1006,
401010101007,مبيعات الصيدليات رتاج- صحة اباس 2,,10,10,10,1007,
401010101008,مبيعات صيدلية وصفات 6,,10,10,10,1008,
401010101010,مبيعات الصيدليات - صيدلية ابعاد الصحة ابعاد 1,,10,10,10,1010,
401010101011,مبيعات الصيدليات - صيدلية رتاج الدواء,,10,10,10,1011,
401010101012,مبيعات الصيدليات - صيدلية رتاج الصحة الاولي,,10,10,10,1012,
401010101013,مبيعات الصيدليات - صيدلية رتاج الثانية للادوية,,10,10,10,1013,
401010101014,مبيعات الصيدليات - صيدلية رتاج الثالثة للادوية,,10,10,10,1014,
401010200000,مبيعات المستودعات,,10,10,20,0,
401010201000,مبيعات المستودعات - رتاج,,10,10,20,1000,
401010201001,مبيعات المستودع الرئيسى - رتاج,,10,10,20,1001,
402000000000,مردودات المبيعات الصيدليات,,20,0,0,0,
402010000000,مردودات مبيعات الصيدليات,,20,10,0,0,
402010100000,مردودات مبيعات صيدليات,,20,10,10,0,
402010101000, مردودات مبيعات الصيدليات والمستودع - رتاج,,20,10,10,1000,
402010101001,مردودات مبيعات صيدليات رتاج ( ص مملكة العلاج),,20,10,10,1001,
402010101002,مردودات مبيعات صيدليات رتاج ص سماء (سلة الدواء),,20,10,10,1002,
402010101003,مردودات مبيعات صيدليات رتاج ص وصفات 10 لاغى,,20,10,10,1003,
402010101004,مردودات مبيعات صيدليات رتاج ص وصفات 4,,20,10,10,1004,
402010101005,مردودات مبيعات صيدليات رتاج ص وصفات الطب 10,,20,10,10,1005,
402010101006, مردودات مبيعات الصيدليات رتاج وصفات الطب 2 النزهة,,20,10,10,1006,
402010101007, مردودات مبيعات المستودعات رتاج - المستودع الرئيسي,,20,10,10,1007,
402010101008,مردودات مبيعات المستودع الرئيسي-رتاج,,20,10,10,1008,
402010101009,مردودات مبيعات صيدلية وصفات 6,,20,10,10,1009,
402010101010,مردودات مبيعات صيدلية ابعاد 1,,20,10,10,1010,
402010101011,مردودات مبيعات صيدلية رتاج الدواء,,20,10,10,1011,
402010101012,مردودات مبيعات صيدلية رتاج الصحة الاولي,,20,10,10,1012,
402010101013,مردودات مبيعات صيدلية رتاج الثانية للادوية,,20,10,10,1013,
402010101014,مردودات مبيعات صيدلية رتاج الثالثة للادوية,,20,10,10,1014,
403000000000,إيرادات أخرى,,30,0,0,0,
403010000000,إيرادات أخري,,30,10,0,0,
403010100000,ايرادات إستثمار,,30,10,10,0,
403010101000,ايرادات إستثمار -رتاج,,30,10,10,1000,
403010101001,ايرادات إستثمار -رتاج ؟؟؟,,30,10,10,1001,
403010200000,خصم مكتسب,,30,10,20,0,
403010201000,خصم مكتسب رتاج,,30,10,20,1000,
403010201001,خصم مكتسب  رتاج موردين,,30,10,20,1001,
403010300000,ايرادات بيع أصول,,30,10,30,0,
403010301000,ايرادات بيع أصول رتاج,,30,10,30,1000,
403010400000,ايرادات سنوات سابقه,,30,10,40,0,
403010401000,ايرادات سنوات سابقه رتاج,,30,10,40,1000,
403010500000,إيرادات أخري,,30,10,50,0,
403010501000,إيرادات أخري رتاج,,30,10,50,1000,
403010501001,فرق الهللات رتاج,,30,10,50,1001,
403010501002,ايرادات أخري رتاج,,30,10,50,1002,
403010600000,رسوم تكويد أصناف,,30,10,60,0,
403010601000,رسوم تكويد رتاج,,30,10,60,1000,
500000000000,تكاليف المبيعات والمصروفات,,0,0,0,0,
501000000000,تكلفة البضاعه المباعه,,10,0,0,0,
501010000000,تكلفة المبيعات,,10,10,0,0,
501010100000,تكلفة مبيعات الصيدليات,,10,10,10,0,
501010101000,تكلفة مبيعات رتاج,,10,10,10,1000,
501010101001,تكلفة مبيعات رتاج ص سماء (سلة الدواء),,10,10,10,1001,
501010101002,تكلفة مبيعات رتاج ص مملكة العلاج (العثيم),,10,10,10,1002,
501010101003,تكلفة مبيعات رتاج ص 10 لاغى,,10,10,10,1003,
501010101004,تكلفة مبيعات رتاج ص 4,,10,10,10,1004,
501010101005,تكلفة مبيعات رتاج ص وصفات  الطب 10,,10,10,10,1005,
501010101006,تكلفة مبيعات رتاج وصفات الطب 2 النزهة,,10,10,10,1006,
501010101007,تكلفة مبيعات رتاج- صحة اباس2,,10,10,10,1007,
501010101008,تكلفة مبيعات صيدلية وصفات 6,,10,10,10,1008,
501010101010,تكلفة مبيعات الصيدليات - مبيعات صيدلية ابعاد 1,,10,10,10,1010,
501010101011,تكلفة مبيعات صيدلية رتاج الدواء,,10,10,10,1011,
501010101012,تكلفة مبيعات صيدلية رتاج الصحة الاولي,,10,10,10,1012,
501010101013,تكلفة مبيعات صيدلية رتاج الثانية للادوية,,10,10,10,1013,
501010101014,تكلفة مبيعات صيدلية رتاج الثالثة للادوية,,10,10,10,1014,
501010200000,تكلفة المبيعات المستودعات,,10,10,20,0,
501010201000,تكلفة المبيعات المستودعات - رتاج,,10,10,20,1000,
501010201001,تكلفة المبيعات المستودع الرئيسى - رتاج,,10,10,20,1001,
501020000000,تكلفة المبيعات - اخرى,,10,20,0,0,
501020100000,فروق عجز وزيادة مخزنية,,10,20,10,0,
501020101000,فروق عجز وزيادة مخزنية - رتاج,,10,20,10,1000,
501020200000,فروق مرتجعات,,10,20,20,0,
501020201000,فروق مرتجعات - رتاج,,10,20,20,1000,
504000000000,مصاريف تسويقية وبيعية,,40,0,0,0,
504010000000,مصاريف  بيعية,,40,10,0,0,
504010100000,عينات مجانية,,40,10,10,0,
504010101000,عينات مجانية رتاج,,40,10,10,1000,
504010200000,بضاعة مجانية,,40,10,20,0,
504010201000,بضاعة مجانية رتاج,,40,10,20,1000,
504010300000,خصم تجاري,,40,10,30,0,
504010301000,خصم تجاري رتاج,,40,10,30,1000,
504010400000,خصم مسموح به,,40,10,40,0,
504010401000, خصم مسموح به رتاج,,40,10,40,1000,
504010500000, م . عمولة اللستة,,40,10,50,0,
504010501000,م .عمولة اللستة رتاج,,40,10,50,1000,
504010600000,عمولة بيع,,40,10,60,0,
504010601000,عمولة بيع رتاج,,40,10,60,1000,
504010700000,مصاريف تحميل وتنزيل,,40,10,70,0,
504010701000,مصاريف تحميل وتنزيل -رتاج,,40,10,70,1000,
504010800000,خصم اضافي للعملاء,,40,10,80,0,
504010801000,خصم اضافي للعملاء - رتاج,,40,10,80,1000,
504020000000,مصاريف تسويقية,,40,20,0,0,
504020100000,مصاريف دعاية واعلان,,40,20,10,0,
504020101000,مصاريف دعاية واعلان,,40,20,10,1000,
504020200000,م تعبئة وتغليف,,40,20,20,0,
504020201000,م تعبئة وتغليف رتاج,,40,20,20,1000,
504020300000,خصم اضافي للعملاء,,40,20,30,0,
504020301000,هدايا تسويقية,,40,20,30,1000,
504020400000,تدريب ومؤتمرات,,40,20,40,0,
504020401000,تدريب ومؤتمرات رتاج,,40,20,40,1000,
504030000000,مصاريف بيعية أخرى,,40,30,0,0,
504030100000,غرامات تأخير توريد مبيعات,,40,30,10,0,
504030101000,غرامات تأخير توريد مبيعات رتاج,,40,30,10,1000,
504030200000,ديون مشكوك في تحصيلها,,40,30,20,0,
504030201000,ديون مشكوك في تحصيلها رتاج,,40,30,20,1000,
505000000000,مصاريف عمومية وإدارية,,50,0,0,0,
505010000000,أعباء مالية و بنكية,,50,10,0,0,
505010100000,عمولات بنكية,,50,10,10,0,
505010101000,عمولات بنكية  رتاج,,50,10,10,1000,
505010200000,مصاريف بنكية أخرى,,50,10,20,0,
505010201000,مصاريف بنكية أخرى رتاج,,50,10,20,1000,
505010300000,فرق تحويل عملة,,50,10,30,0,
505010301000,فرق تحويل عملة رتاج,,50,10,30,1000,
505020000000,تكلفة وأعباء موظفين,,50,20,0,0,
505020100000,م . الرواتب الاساسية,,50,20,10,0,
505020101000,م . الرواتب الاساسية رتاج,,50,20,10,1000,
505020200000,م . بدل أضافي,,50,20,20,0,
505020201000,م . بدل أضافي رتاج,,50,20,20,1000,
505020300000,بدل سكن,,50,20,30,0,
505020301000,بدل سكن رتاج,,50,20,30,1000,
505020400000,بدل انتقال,,50,20,40,0,
505020401000,بدل انتقال رتاج,,50,20,40,1000,
505020500000,بدل هاتف,,50,20,50,0,
505020501000,بدل هاتف رتاج,,50,20,50,1000,
505020600000,بدلات اخرى,,50,20,60,0,
505020601000,بدلات اخرى رتاج,,50,20,60,1000,
505020700000,مكافآت وحوافز,,50,20,70,0,
505020701000,مكافآت وحوافز رتاج,,50,20,70,1000,
505020800000,مصروف مكافأة نهاية الخدمة,,50,20,80,0,
505020801000,مصروف مكافأة نهاية الخدمة رتاج,,50,20,80,1000,
505020900000,بدل الأجازة السنوية,,50,20,90,0,
505020901000,بدل الأجازة السنوية رتاج,,50,20,90,1000,
505021000000,تذاكر سفر اجازات,,50,21,0,0,
505021001000,تذاكر سفر اجازات رتاج,,50,21,0,1000,
505021100000,مصاريف علاج,,50,21,10,0,
505021101000,مصاريف علاج رتاج,,50,21,10,1000,
505021200000,تأمينات اجتماعية,,50,21,20,0,
505021201000,تأمينات اجتماعية رتاج,,50,21,20,1000,
505021400000,مصاريف تدريب,,50,21,40,0,
505021401000,مصاريف تدريب رتاج,,50,21,40,1000,
505021500000,مصاريف زي للصيادلة,,50,21,50,0,
505021501000,مصاريف زي للصيادلة رتاج,,50,21,50,1000,
505021600000,بدل جمع,,50,21,60,0,
505021601000,بدل جمع رتاج,,50,21,60,1000,
505021700000,بدل ساعات اضافية,,50,21,70,0,
505021701000,بدل ساعات اضافية رتاج,,50,21,70,1000,
505021800000,بدل عيد,,50,21,80,0,
505021801000,بدل عيد رتاج,,50,21,80,1000,
505021900000,بدل ادارة وإشراف,,50,21,90,0,
505021901000,بدل ادارة وإشراف رتاج,,50,21,90,1000,
505022000000,مصاريف تعقيب ( إقامات - تأشيرات ),,50,22,0,0,
505022001000,مصاريف تعقيب ( إقامات - تأشيرات ) رتاج,,50,22,0,1000,
505022100000,رسوم استقدام,,50,22,10,0,
505022101000,رسوم استقدام رتاج,,50,22,10,1000,
505030000000,مصاريف خدمات ومنافع المرافق,,50,30,0,0,
505030100000,ايجارات,,50,30,10,0,
505030101000, م . ايجارات رتاج,,50,30,10,1000,
505030200000,كهرباء ومياه,,50,30,20,0,
505030201000,م .كهرباء ومياه رتاج,,50,30,20,1000,
505030300000,نظافة,,50,30,30,0,
505030301000,م . نظافة رتاج,,50,30,30,1000,
505030400000,صيانة,,50,30,40,0,
505030401000,م .صيانة رتاج,,50,30,40,1000,
505030500000,مصاريف صيانة أثاث,,50,30,50,0,
505030501000,مصاريف صيانة أثاث رتاج,,50,30,50,1000,
505030600000,مصاريف مواد مستهلكة,,50,30,60,0,
505030601000,م مواد مستهلكة رتاج,,50,30,60,1000,
505030700000,مصاريف لوحات دعائية,,50,30,70,0,
505030701000,مصاريف لوحات دعائية رتاج,,50,30,70,1000,
505040000000,مصاريف إدارية,,50,40,0,0,
505040100000,تأمين عام,,50,40,10,0,
505040101000,م. تأمين عام رتاج,,50,40,10,1000,
505040101001,مصاريف تامين طبي رتاج,,50,40,10,1001,
505040101002,م. تأمين ضد الحريق عام رتاج,,50,40,10,1002,
505040200000,مصاريف سفر وانتقالات,,50,40,20,0,
505040201000,مصاريف سفر وانتقالات رتاج,,50,40,20,1000,
505040300000,تذاكر سفر,,50,40,30,0,
505040301000,م .تذاكر سفر رتاج,,50,40,30,1000,
505040400000,أتعاب مهنية,,50,40,40,0,
505040401000,أتعاب مهنية رتاج,,50,40,40,1000,
505040500000,رسوم واشتراكات وتصاديق,,50,40,50,0,
505040501000,رسوم واشتراكات وتصاديق رتاج,,50,40,50,1000,
505040600000,مصاريف رخص بلدية وغرامات,,50,40,60,0,
505040601000,  مصاريف رخص بلدية رتاج,,50,40,60,1000,
505040700000,مصاريف بريد,,50,40,70,0,
505040701000,مصاريف بريد رتاج,,50,40,70,1000,
505040800000,هواتف,,50,40,80,0,
505040801000,مصاريف هواتف رتاج,,50,40,80,1000,
505040900000,قرطاسية ومطبوعات,,50,40,90,0,
505040901000,م . قرطاسية ومطبوعات رتاج,,50,40,90,1000,
505041000000,صيانة أجهزة مكتبية,,50,41,0,0,
505041001000,م . صيانة أجهزة مكتبية رتاج,,50,41,0,1000,
505041100000,مصاريف ضيافة,,50,41,10,0,
505041101000,مصاريف ضيافة رتاج,,50,41,10,1000,
505041200000,مصاريف متنوعة,,50,41,20,0,
505041300000,ديون معدومة,,50,41,30,0,
505041301000,ديون معدومة رتاج,,50,41,30,1000,
505041400000,مصاريف ادارية اخرى,,50,41,40,0,
505041401000,مصاريف ادارية اخرى رتاج,,50,41,40,1000,
505041500000,م صيانة برامج كمبيوتر,,50,41,50,0,
505041501000,م صيانة برامج وكمبيوتر رتاج,,50,41,50,1000,
505041600000,مصاريف لوحات,,50,41,60,0,
505041601000,مصاريف لوحات رتاج,,50,41,60,1000,
505041700000,مصروفات الزكاة,,50,41,70,0,
505041701000,مصروفات الزكاة - رتاج,,50,41,70,1000,
505041800000,مصاريف ادارة وخدمات مساندة,,50,41,80,0,
505041801000,مصاريف ادارة وخدمات مساندة رتاج,,50,41,80,1000,
505041900000,مصاريف اجور عماله خارجية,,50,41,90,0,
505041901000,مصاريف اجور عماله خارجية رتاج,,50,41,90,1000,
505042000000,مصاريف سعي,,50,42,0,0,
505042001000,مصاريف سعي رتاج,,50,42,0,1000,
505042100000,مصاريف تعقيب,,50,42,10,0,
505042101000,مصاريف تعقيب رتاج الصحة,,50,42,10,1000,
505042200000,مصاريف علاقات عامة,,50,42,20,0,
505042201000,مصاريف علاقات عامة رتاج الصحة,,50,42,20,1000,
505042300000,مصاريف نثرية,,50,42,30,0,
505042301000,مصاريف نثرية رتاج الصحة,,50,42,30,1000,
505042400000,مصاريف تجديد اقامة,,50,42,40,0,
505042401000,مصاريف تجديد اقامة رتاج الصحة,,50,42,40,1000,
505042500000,مصروف ضريبة القيمة المضافه (vat),,50,42,50,0,
505042501000,مصروف ضريبة القيمة المضافه (vat) - رتاج,,50,42,50,1000,
505042600000,مصاريف خروج وعودة,,50,42,60,0,
505042601000,مصاريف خروج وعودة - شركة رتاج,,50,42,60,1000,
505042700000,مصاريف نقل كفالة,,50,42,70,0,
505042701000,مصاريف نقل كفالة - رتاج,,50,42,70,1000,
505042800000,مصاريف مكتب تركيا,,50,42,80,0,
505042801000,مصاريف مكتب تركيا - رتاج,,50,42,80,1000,
505042801001,مصاريف مكتب تركيا - رتاج,,50,42,80,1001,
505042900000,مصاريف رحلات عمل,,50,42,90,0,
505042901000,مصاريف رحلات عمل,,50,42,90,1000,
505042901001,مصاريف رحلات عمل,,50,42,90,1001,
505050000000,مصاريف سيارات,,50,50,0,0,
505050100000,محروقات وزيوت السيارات,,50,50,10,0,
505050101000,محروقات وزيوت السيارات رتاج,,50,50,10,1000,
505050200000,صيانة سيارات,,50,50,20,0,
505050201000,م. صيانة سيارات رتاج,,50,50,20,1000,
505050300000,تأمين سيارات,,50,50,30,0,
505050301000,م. تأمين سيارات رتاج,,50,50,30,1000,
505050400000,تجديد استمارات,,50,50,40,0,
505050401000,م. تجديد استمارات رتاج,,50,50,40,1000,
505050500000,مصاريف سيارات أخرى,,50,50,50,0,
505050501000,مصاريف سيارات أخرى رتاج,,50,50,50,1000,
506000000000,استهلاكات,,60,0,0,0,
506010000000,استهلاكات,,60,10,0,0,
506010100000,اهلاك مباني,,60,10,10,0,
506010101000,م. اهلاك مباني رتاج,,60,10,10,1000,
506010200000,اهلاك سيارات,,60,10,20,0,
506010201000,اهلاك سيارات رتاج,,60,10,20,1000,
506010300000,اهلاك أجهزة مكتبية,,60,10,30,0,
506010301000,اهلاك اجهزة مكتبية رتاج,,60,10,30,1000,
506010400000,اهلاك أثاث مكتبي,,60,10,40,0,
506010401000,م. اهلاك أثاث مكتبي رتاج,,60,10,40,1000,
506010500000,اهلاك أثاث منزلي,,60,10,50,0,
506010501000,م. اهلاك اثاث منزلي رتاج,,60,10,50,1000,
506010600000,اهلاك برامج كمبيوتر  وانظمة,,60,10,60,0,
506010601000,اهلاك برامج كمبيوتر وانظمة رتاج,,60,10,60,1000,
506010700000,اهلاك ماكينات تصوير,,60,10,70,0,
506010701000,اهلاك ماكينات تصوير رتاج,,60,10,70,1000,
506010800000,اهلاك أجهزة كمبيوتر,,60,10,80,0,
506010801000,اهلاك اجهزة كمبيوتر رتاج,,60,10,80,1000,
506010900000,اهلاك اجهزة تكييف,,60,10,90,0,
506010901000,اهلاك اجهزة تكييف  رتاج,,60,10,90,1000,
506011000000,اهلاك اجهزة كهربائية,,60,11,0,0,
506011001000,اهلاك اجهزة كهربائية  رتاج,,60,11,0,1000,
506011100000,اطفاء تحسينات غير مملوكة,,60,11,10,0,
506011101000,اطفاء تحسينات غير مملوكة  رتاج,,60,11,10,1000,
506011200000,م اطفاء مصاريف تأسيس,,60,11,20,0,
506011201000,م اطفاء مصاريف تأسيس رتاج,,60,11,20,1000,
506011300000,اهلاك التجهيزات,,60,11,30,0,
506011301000,اهلاك التجهيزات رتاج,,60,11,30,1000,
506020000000,مصاريف إطفاء الشهرة,,60,20,0,0,
506020100000,مصاريف إطفاء الشهرة,,60,20,10,0,
506020101000,مصاريف إطفاء الشهرة رتاج,,60,20,10,1000,
600000000000,الحسابات النظامية,,0,0,0,0,
601000000000,الحسابات النظامية,,10,0,0,0,
601010000000,عهد الصيدليات,,10,10,0,0,
601010100000,عهد الصيدليات,,10,10,10,0,
601010101000,عهد الصيدليات رتاج,,10,10,10,1000,
601010101001,عهد الصيدليات - رتاج  مملكة العلاج 21 (العثيم),,10,10,10,1001,
601010101002,عهد الصيدليات - رتاج   سماء (سلة الدواء),,10,10,10,1002,
601010101003,عهد الصيدليات - رتاج صيدلية 10 لاغى,,10,10,10,1003,
601010101004,عهد الصيدليات -رتاج صيدلية 4,,10,10,10,1004,
601010101005,عهد الصيدليات -رتاج ص وصفات الطب 10,,10,10,10,1005,
601010101006,عهد الصيدليات - وصفات الطب 2 النزهة,,10,10,10,1006,
601010101007,عهد المستودعات رتاج- المستودع الرئيسي,,10,10,10,1007,
601010101008,عهد الصيدليات - صيدلية وصفات 6,,10,10,10,1008,
601010101010,عهد الصيدليات - صيدلية ابعاد 1,,10,10,10,1010,
601010101011,عهد الصيدليات - صيدلية رتاج الدواء,,10,10,10,1011,
601010101012,عهد الصيدليات - صيدلية رتاج الصحة 1,,10,10,10,1012,
601010101013,عهد الصيدليات - صيدلية رتاج الثانية للادوية,,10,10,10,1013,
601010101014,عهد الصيدليات - صيدلية رتاج الثالثة للادوية,,10,10,10,1014,
601020000000,بضاعة تحت البيع,,10,20,0,0,
601020100000,بضاعة تحت البيع,,10,20,10,0,
601020101000,بضاعة تحت البيع -رتاج,,10,20,10,1000,
601020101001,بضاعة تحت البيع - رتاج ص مملكة العلاج 21 (العثيم ),,10,20,10,1001,
601020101002,بضاعة تحت البيع -رتاج صيدليةسماء ( سلة الدواء),,10,20,10,1002,
601020101003,بضاعة تحت البيع - رتاج صيدلية 10 لاغى,,10,20,10,1003,
601020101004,بضاعة تحت البيع - رتاج صيدلية 4,,10,20,10,1004,
601020101005,بضاعة تحت البيع - رتاج ص وصفات الطب 10,,10,20,10,1005,
601020101006,بضاعة تحت البيع -وصفات الطب 2 النزهة,,10,20,10,1006,
601020101007,بضاعة تحت البيع - المستودع الرئيسي,,10,20,10,1007,
601020101008,بضاعة تحت البيع صيدلية وصفات 6,,10,20,10,1008,
601020101010,بضاعة تحت البيع - صيدلية ابعاد 1,,10,20,10,1010,
601020101011,بضاعة تحت البيع - صيدلية رتاج الدواء,,10,20,10,1011,
601020101012,بضاعة تحت البيع - صيدلية رتاج الصحة 1,,10,20,10,1012,
601020101013,بضاعة تحت البيع - صيدلية رتاج الثانية للادوية,,10,20,10,1013,
601020101014,عهد الصيدليات - صيدلية رتاج الثالثة للادوية,,10,20,10,1014,
602000000000,عهد الرواتب,,20,0,0,0,
602010000000,عهد الرواتب,,20,10,0,0,
602010100000,عهد الرواتب,,20,10,10,0,
602010101000,عهد الرواتب- رتاج,,20,10,10,1000,
603000000000,عهد تصفيات,,30,0,0,0,
603010000000,عهد تصفيات,,30,10,0,0,
603010100000,عهد تصفيات,,30,10,10,0,
603010101000,عهد تصفيات رتاج,,30,10,10,1000,
